Subject,EA coverage,Syllabus version,Unit/topic,Specific content,Focus,Task type,Required selection,Checked,Syllabus URL,QCAA resources
Aboriginal & Torres Strait Islander Studies,Unit 4 Topic 2: recognition and reconciliation.,2025 v1.3,4.2,Recognition and reconciliation,truth-telling; relationships; recognition,history,,2026-10-06,https://www.qcaa.qld.edu.au/downloads/senior-qce/syllabuses/snr_atsi_studies_25_syll.pdf,https://www.qcaa.qld.edu.au/senior/senior-subjects/syllabuses/humanities-social-sciences/aboriginal-torres-strait-islander-studies
Aboriginal & Torres Strait Islander Studies,Unit 4 Topic 2: recognition and reconciliation.,2025 v1.3,4.2,Connection to Country and identity,land; language; relationships,history,,2026-10-06,https://www.qcaa.qld.edu.au/downloads/senior-qce/syllabuses/snr_atsi_studies_25_syll.pdf,https://www.qcaa.qld.edu.au/senior/senior-subjects/syllabuses/humanities-social-sciences/aboriginal-torres-strait-islander-studies
Aboriginal & Torres Strait Islander Studies,Unit 4 Topic 2: recognition and reconciliation.,2025 v1.3,4.2,Historical policies and reconciliation,segregation; assimilation; self-determination,history,,2026-10-06,https://www.qcaa.qld.edu.au/downloads/senior-qce/syllabuses/snr_atsi_studies_25_syll.pdf,https://www.qcaa.qld.edu.au/senior/senior-subjects/syllabuses/humanities-social-sciences/aboriginal-torres-strait-islander-studies
Aboriginal & Torres Strait Islander Studies,Unit 4 Topic 2: recognition and reconciliation.,2025 v1.3,4.2,Bringing them Home and the 2008 Apology,context; responses; impact,history,,2026-10-06,https://www.qcaa.qld.edu.au/downloads/senior-qce/syllabuses/snr_atsi_studies_25_syll.pdf,https://www.qcaa.qld.edu.au/senior/senior-subjects/syllabuses/humanities-social-sciences/aboriginal-torres-strait-islander-studies
Aboriginal & Torres Strait Islander Studies,Unit 4 Topic 2: recognition and reconciliation.,2025 v1.3,4.2,Reconciliation Australia and Action Plans,purpose; approach; significance,history,,2026-10-06,https://www.qcaa.qld.edu.au/downloads/senior-qce/syllabuses/snr_atsi_studies_25_syll.pdf,https://www.qcaa.qld.edu.au/senior/senior-subjects/syllabuses/humanities-social-sciences/aboriginal-torres-strait-islander-studies
Aboriginal & Torres Strait Islander Studies,Unit 4 Topic 2: recognition and reconciliation.,2025 v1.3,4.2,Close the Gap and reconciliation,context; responses; impact,history,,2026-10-06,https://www.qcaa.qld.edu.au/downloads/senior-qce/syllabuses/snr_atsi_studies_25_syll.pdf,https://www.qcaa.qld.edu.au/senior/senior-subjects/syllabuses/humanities-social-sciences/aboriginal-torres-strait-islander-studies
Aboriginal & Torres Strait Islander Studies,Unit 4 Topic 2: recognition and reconciliation.,2025 v1.3,4.2,Uluru Statement and constitutional recognition,context; perspectives; impact,history,,2026-10-06,https://www.qcaa.qld.edu.au/downloads/senior-qce/syllabuses/snr_atsi_studies_25_syll.pdf,https://www.qcaa.qld.edu.au/senior/senior-subjects/syllabuses/humanities-social-sciences/aboriginal-torres-strait-islander-studies
Aboriginal & Torres Strait Islander Studies,Unit 4 Topic 2: recognition and reconciliation.,2025 v1.3,4.2,Evaluating reconciliation responses,viewpoints; influence; significance,history,,2026-10-06,https://www.qcaa.qld.edu.au/downloads/senior-qce/syllabuses/snr_atsi_studies_25_syll.pdf,https://www.qcaa.qld.edu.au/senior/senior-subjects/syllabuses/humanities-social-sciences/aboriginal-torres-strait-islander-studies
Accounting,Unit 4 Topics 2 and 3: complete sole-trader accounting process; public-company performance analysis.,2025 v1.4,4.2,Balance day adjustments,purpose; account effects; adjustment entries,math,,2026-10-06,https://www.qcaa.qld.edu.au/downloads/senior-qce/syllabuses/snr_accounting_25_syll.pdf,https://www.qcaa.qld.edu.au/senior/senior-subjects/syllabuses/humanities-social-sciences/accounting
Accounting,Unit 4 Topics 2 and 3: complete sole-trader accounting process; public-company performance analysis.,2025 v1.4,4.2,General journal and ledger,transactions; posting; accuracy,math,,2026-10-06,https://www.qcaa.qld.edu.au/downloads/senior-qce/syllabuses/snr_accounting_25_syll.pdf,https://www.qcaa.qld.edu.au/senior/senior-subjects/syllabuses/humanities-social-sciences/accounting
Accounting,Unit 4 Topics 2 and 3: complete sole-trader accounting process; public-company performance analysis.,2025 v1.4,4.2,Trial balance and closing entries,sequence; checks; account balances,math,,2026-10-06,https://www.qcaa.qld.edu.au/downloads/senior-qce/syllabuses/snr_accounting_25_syll.pdf,https://www.qcaa.qld.edu.au/senior/senior-subjects/syllabuses/humanities-social-sciences/accounting
Accounting,Unit 4 Topics 2 and 3: complete sole-trader accounting process; public-company performance analysis.,2025 v1.4,4.2,Fully classified financial statements,classification; profit; financial position,math,,2026-10-06,https://www.qcaa.qld.edu.au/downloads/senior-qce/syllabuses/snr_accounting_25_syll.pdf,https://www.qcaa.qld.edu.au/senior/senior-subjects/syllabuses/humanities-social-sciences/accounting
Accounting,Unit 4 Topics 2 and 3: complete sole-trader accounting process; public-company performance analysis.,2025 v1.4,4.2,Statement of cash flows with GST,cash-flow categories; GST; reconciliation,math,,2026-10-06,https://www.qcaa.qld.edu.au/downloads/senior-qce/syllabuses/snr_accounting_25_syll.pdf,https://www.qcaa.qld.edu.au/senior/senior-subjects/syllabuses/humanities-social-sciences/accounting
Accounting,Unit 4 Topics 2 and 3: complete sole-trader accounting process; public-company performance analysis.,2025 v1.4,4.3,Profitability ratios,calculation; interpretation; limitations,math,,2026-10-06,https://www.qcaa.qld.edu.au/downloads/senior-qce/syllabuses/snr_accounting_25_syll.pdf,https://www.qcaa.qld.edu.au/senior/senior-subjects/syllabuses/humanities-social-sciences/accounting
Accounting,Unit 4 Topics 2 and 3: complete sole-trader accounting process; public-company performance analysis.,2025 v1.4,4.3,Liquidity and stability ratios,calculation; interpretation; limitations,math,,2026-10-06,https://www.qcaa.qld.edu.au/downloads/senior-qce/syllabuses/snr_accounting_25_syll.pdf,https://www.qcaa.qld.edu.au/senior/senior-subjects/syllabuses/humanities-social-sciences/accounting
Accounting,Unit 4 Topics 2 and 3: complete sole-trader accounting process; public-company performance analysis.,2025 v1.4,4.3,Cash-flow and company ratios,calculation; interpretation; limitations,math,,2026-10-06,https://www.qcaa.qld.edu.au/downloads/senior-qce/syllabuses/snr_accounting_25_syll.pdf,https://www.qcaa.qld.edu.au/senior/senior-subjects/syllabuses/humanities-social-sciences/accounting
Accounting,Unit 4 Topics 2 and 3: complete sole-trader accounting process; public-company performance analysis.,2025 v1.4,4.3,Public-company performance recommendations,financial evidence; benchmarks; justification,concept,,2026-10-06,https://www.qcaa.qld.edu.au/downloads/senior-qce/syllabuses/snr_accounting_25_syll.pdf,https://www.qcaa.qld.edu.au/senior/senior-subjects/syllabuses/humanities-social-sciences/accounting
Aerospace Systems,Unit 4: aircraft performance systems and human factors.,2025 v1.4,4,Airspace management,classification; systems; safety,concept,,2026-10-06,https://www.qcaa.qld.edu.au/downloads/senior-qce/syllabuses/snr_aerospace_sys_25_syll.pdf,https://www.qcaa.qld.edu.au/senior/senior-subjects/syllabuses/technologies/aerospace-systems
Aerospace Systems,Unit 4: aircraft performance systems and human factors.,2025 v1.4,4,Flight instruments,function; limitations; output,concept,,2026-10-06,https://www.qcaa.qld.edu.au/downloads/senior-qce/syllabuses/snr_aerospace_sys_25_syll.pdf,https://www.qcaa.qld.edu.au/senior/senior-subjects/syllabuses/technologies/aerospace-systems
Aerospace Systems,Unit 4: aircraft performance systems and human factors.,2025 v1.4,4,Aircraft performance,conditions; data; calculations,concept,,2026-10-06,https://www.qcaa.qld.edu.au/downloads/senior-qce/syllabuses/snr_aerospace_sys_25_syll.pdf,https://www.qcaa.qld.edu.au/senior/senior-subjects/syllabuses/technologies/aerospace-systems
Aerospace Systems,Unit 4: aircraft performance systems and human factors.,2025 v1.4,4,Aircraft maintenance,requirements; costs; safety,concept,,2026-10-06,https://www.qcaa.qld.edu.au/downloads/senior-qce/syllabuses/snr_aerospace_sys_25_syll.pdf,https://www.qcaa.qld.edu.au/senior/senior-subjects/syllabuses/technologies/aerospace-systems
Aerospace Systems,Unit 4: aircraft performance systems and human factors.,2025 v1.4,4,Aeronautical charts and navigation,symbols; routes; interpretation,concept,,2026-10-06,https://www.qcaa.qld.edu.au/downloads/senior-qce/syllabuses/snr_aerospace_sys_25_syll.pdf,https://www.qcaa.qld.edu.au/senior/senior-subjects/syllabuses/technologies/aerospace-systems
Aerospace Systems,Unit 4: aircraft performance systems and human factors.,2025 v1.4,4,Fuel planning and reserves,requirements; calculations; safety,concept,,2026-10-06,https://www.qcaa.qld.edu.au/downloads/senior-qce/syllabuses/snr_aerospace_sys_25_syll.pdf,https://www.qcaa.qld.edu.au/senior/senior-subjects/syllabuses/technologies/aerospace-systems
Aerospace Systems,Unit 4: aircraft performance systems and human factors.,2025 v1.4,4,Radio communication technologies,purpose; procedures; limitations,concept,,2026-10-06,https://www.qcaa.qld.edu.au/downloads/senior-qce/syllabuses/snr_aerospace_sys_25_syll.pdf,https://www.qcaa.qld.edu.au/senior/senior-subjects/syllabuses/technologies/aerospace-systems
Aerospace Systems,Unit 4: aircraft performance systems and human factors.,2025 v1.4,4,"Hypoxia, hyperventilation and human limitations",causes; effects; responses,concept,,2026-10-06,https://www.qcaa.qld.edu.au/downloads/senior-qce/syllabuses/snr_aerospace_sys_25_syll.pdf,https://www.qcaa.qld.edu.au/senior/senior-subjects/syllabuses/technologies/aerospace-systems
Aerospace Systems,Unit 4: aircraft performance systems and human factors.,2025 v1.4,4,Human decision-making in aviation,attitudes; decisions; safety,concept,,2026-10-06,https://www.qcaa.qld.edu.au/downloads/senior-qce/syllabuses/snr_aerospace_sys_25_syll.pdf,https://www.qcaa.qld.edu.au/senior/senior-subjects/syllabuses/technologies/aerospace-systems
Agricultural Science,Units 3 and 4: animal and plant production; enterprises and sustainability.,2025 v1.3,3,Animal nutrition and digestion,nutrients; digestive systems; production,concept,,2026-10-06,https://www.qcaa.qld.edu.au/downloads/senior-qce/syllabuses/snr_agricultural_science_25_syll.pdf,https://www.qcaa.qld.edu.au/senior/senior-subjects/syllabuses/sciences/agricultural-science
Agricultural Science,Units 3 and 4: animal and plant production; enterprises and sustainability.,2025 v1.3,3,Animal growth and reproduction,stages; management; production,concept,,2026-10-06,https://www.qcaa.qld.edu.au/downloads/senior-qce/syllabuses/snr_agricultural_science_25_syll.pdf,https://www.qcaa.qld.edu.au/senior/senior-subjects/syllabuses/sciences/agricultural-science
Agricultural Science,Units 3 and 4: animal and plant production; enterprises and sustainability.,2025 v1.3,3,Animal welfare and production management,welfare; practices; evidence,concept,,2026-10-06,https://www.qcaa.qld.edu.au/downloads/senior-qce/syllabuses/snr_agricultural_science_25_syll.pdf,https://www.qcaa.qld.edu.au/senior/senior-subjects/syllabuses/sciences/agricultural-science
Agricultural Science,Units 3 and 4: animal and plant production; enterprises and sustainability.,2025 v1.3,3,Plant agronomy and nutrient management,sowing; water; nutrients,concept,,2026-10-06,https://www.qcaa.qld.edu.au/downloads/senior-qce/syllabuses/snr_agricultural_science_25_syll.pdf,https://www.qcaa.qld.edu.au/senior/senior-subjects/syllabuses/sciences/agricultural-science
Agricultural Science,Units 3 and 4: animal and plant production; enterprises and sustainability.,2025 v1.3,3,Plant pests and integrated management,life cycles; controls; beneficial organisms,concept,,2026-10-06,https://www.qcaa.qld.edu.au/downloads/senior-qce/syllabuses/snr_agricultural_science_25_syll.pdf,https://www.qcaa.qld.edu.au/senior/senior-subjects/syllabuses/sciences/agricultural-science
Agricultural Science,Units 3 and 4: animal and plant production; enterprises and sustainability.,2025 v1.3,3,Plant propagation and breeding,methods; selection; traits,concept,,2026-10-06,https://www.qcaa.qld.edu.au/downloads/senior-qce/syllabuses/snr_agricultural_science_25_syll.pdf,https://www.qcaa.qld.edu.au/senior/senior-subjects/syllabuses/sciences/agricultural-science
Agricultural Science,Units 3 and 4: animal and plant production; enterprises and sustainability.,2025 v1.3,3,Post-harvest technologies,ripening; transport; storage,concept,,2026-10-06,https://www.qcaa.qld.edu.au/downloads/senior-qce/syllabuses/snr_agricultural_science_25_syll.pdf,https://www.qcaa.qld.edu.au/senior/senior-subjects/syllabuses/sciences/agricultural-science
Agricultural Science,Units 3 and 4: animal and plant production; enterprises and sustainability.,2025 v1.3,3,Agricultural markets and quality assurance,supply; demand; specifications,concept,,2026-10-06,https://www.qcaa.qld.edu.au/downloads/senior-qce/syllabuses/snr_agricultural_science_25_syll.pdf,https://www.qcaa.qld.edu.au/senior/senior-subjects/syllabuses/sciences/agricultural-science
Agricultural Science,Units 3 and 4: animal and plant production; enterprises and sustainability.,2025 v1.3,4,Enterprise records and financial management,records; budgets; decisions,concept,,2026-10-06,https://www.qcaa.qld.edu.au/downloads/senior-qce/syllabuses/snr_agricultural_science_25_syll.pdf,https://www.qcaa.qld.edu.au/senior/senior-subjects/syllabuses/sciences/agricultural-science
Agricultural Science,Units 3 and 4: animal and plant production; enterprises and sustainability.,2025 v1.3,4,Evaluating enterprise sustainability,environment; economics; social factors,concept,,2026-10-06,https://www.qcaa.qld.edu.au/downloads/senior-qce/syllabuses/snr_agricultural_science_25_syll.pdf,https://www.qcaa.qld.edu.au/senior/senior-subjects/syllabuses/sciences/agricultural-science
Ancient History,Selected Unit 4 personality; short responses using historical sources.,2025 v1.4,4,Chronology of {option},turning points; sequence; significance,timeline,Your school-selected EA topic,2026-10-06,https://www.qcaa.qld.edu.au/downloads/senior-qce/syllabuses/snr_ancient_history_25_syll.pdf,https://www.qcaa.qld.edu.au/senior/senior-subjects/syllabuses/humanities-social-sciences/ancient-history
Ancient History,Selected Unit 4 personality; short responses using historical sources.,2025 v1.4,4,Causes and consequences in {option},short-term; long-term; connections,history,Your school-selected EA topic,2026-10-06,https://www.qcaa.qld.edu.au/downloads/senior-qce/syllabuses/snr_ancient_history_25_syll.pdf,https://www.qcaa.qld.edu.au/senior/senior-subjects/syllabuses/humanities-social-sciences/ancient-history
Ancient History,Selected Unit 4 personality; short responses using historical sources.,2025 v1.4,4,Historical perspectives on {option},context; position; influence,history,Your school-selected EA topic,2026-10-06,https://www.qcaa.qld.edu.au/downloads/senior-qce/syllabuses/snr_ancient_history_25_syll.pdf,https://www.qcaa.qld.edu.au/senior/senior-subjects/syllabuses/humanities-social-sciences/ancient-history
Ancient History,Selected Unit 4 personality; short responses using historical sources.,2025 v1.4,4,Source usefulness and reliability for {option},provenance; purpose; corroboration,history,Your school-selected EA topic,2026-10-06,https://www.qcaa.qld.edu.au/downloads/senior-qce/syllabuses/snr_ancient_history_25_syll.pdf,https://www.qcaa.qld.edu.au/senior/senior-subjects/syllabuses/humanities-social-sciences/ancient-history
Ancient History,Selected Unit 4 personality; short responses using historical sources.,2025 v1.4,4,Corroborating evidence about {option},agreement; contradiction; limitations,history,Your school-selected EA topic,2026-10-06,https://www.qcaa.qld.edu.au/downloads/senior-qce/syllabuses/snr_ancient_history_25_syll.pdf,https://www.qcaa.qld.edu.au/senior/senior-subjects/syllabuses/humanities-social-sciences/ancient-history
Ancient History,Selected Unit 4 personality; short responses using historical sources.,2025 v1.4,4,Continuity and change in {option},change; continuity; significance,history,Your school-selected EA topic,2026-10-06,https://www.qcaa.qld.edu.au/downloads/senior-qce/syllabuses/snr_ancient_history_25_syll.pdf,https://www.qcaa.qld.edu.au/senior/senior-subjects/syllabuses/humanities-social-sciences/ancient-history
Ancient History,Selected Unit 4 personality; short responses using historical sources.,2025 v1.4,4,Historical arguments about {option},claim; source evidence; reasoning,history,Your school-selected EA topic,2026-10-06,https://www.qcaa.qld.edu.au/downloads/senior-qce/syllabuses/snr_ancient_history_25_syll.pdf,https://www.qcaa.qld.edu.au/senior/senior-subjects/syllabuses/humanities-social-sciences/ancient-history
Biology,"Units 3 and 4: biodiversity, ecosystems, genetics and evolution.",2025 v1.3,3,Biodiversity and classification,diversity; classification; measurement,concept,,2026-10-06,https://www.qcaa.qld.edu.au/downloads/senior-qce/syllabuses/snr_biology_25_syll.pdf,https://www.qcaa.qld.edu.au/senior/senior-subjects/syllabuses/sciences/biology
Biology,"Units 3 and 4: biodiversity, ecosystems, genetics and evolution.",2025 v1.3,3,Population sampling,methods; bias; estimates,concept,,2026-10-06,https://www.qcaa.qld.edu.au/downloads/senior-qce/syllabuses/snr_biology_25_syll.pdf,https://www.qcaa.qld.edu.au/senior/senior-subjects/syllabuses/sciences/biology
Biology,"Units 3 and 4: biodiversity, ecosystems, genetics and evolution.",2025 v1.3,3,Population growth and carrying capacity,limiting factors; growth; capacity,concept,,2026-10-06,https://www.qcaa.qld.edu.au/downloads/senior-qce/syllabuses/snr_biology_25_syll.pdf,https://www.qcaa.qld.edu.au/senior/senior-subjects/syllabuses/sciences/biology
Biology,"Units 3 and 4: biodiversity, ecosystems, genetics and evolution.",2025 v1.3,3,Energy flow and nutrient cycles,food webs; energy; matter,diagram,,2026-10-06,https://www.qcaa.qld.edu.au/downloads/senior-qce/syllabuses/snr_biology_25_syll.pdf,https://www.qcaa.qld.edu.au/senior/senior-subjects/syllabuses/sciences/biology
Biology,"Units 3 and 4: biodiversity, ecosystems, genetics and evolution.",2025 v1.3,3,Species interactions and ecological niches,competition; relationships; exclusion,concept,,2026-10-06,https://www.qcaa.qld.edu.au/downloads/senior-qce/syllabuses/snr_biology_25_syll.pdf,https://www.qcaa.qld.edu.au/senior/senior-subjects/syllabuses/sciences/biology
Biology,"Units 3 and 4: biodiversity, ecosystems, genetics and evolution.",2025 v1.3,3,Keystone species and ecosystem change,roles; disturbance; effects,concept,,2026-10-06,https://www.qcaa.qld.edu.au/downloads/senior-qce/syllabuses/snr_biology_25_syll.pdf,https://www.qcaa.qld.edu.au/senior/senior-subjects/syllabuses/sciences/biology
Biology,"Units 3 and 4: biodiversity, ecosystems, genetics and evolution.",2025 v1.3,3,Ecological succession,pioneers; change; community,diagram,,2026-10-06,https://www.qcaa.qld.edu.au/downloads/senior-qce/syllabuses/snr_biology_25_syll.pdf,https://www.qcaa.qld.edu.au/senior/senior-subjects/syllabuses/sciences/biology
Biology,"Units 3 and 4: biodiversity, ecosystems, genetics and evolution.",2025 v1.3,4,DNA structure and replication,enzymes; sequence; accuracy,diagram,,2026-10-06,https://www.qcaa.qld.edu.au/downloads/senior-qce/syllabuses/snr_biology_25_syll.pdf,https://www.qcaa.qld.edu.au/senior/senior-subjects/syllabuses/sciences/biology
Biology,"Units 3 and 4: biodiversity, ecosystems, genetics and evolution.",2025 v1.3,4,Meiosis and genetic variation,crossing over; assortment; variation,diagram,,2026-10-06,https://www.qcaa.qld.edu.au/downloads/senior-qce/syllabuses/snr_biology_25_syll.pdf,https://www.qcaa.qld.edu.au/senior/senior-subjects/syllabuses/sciences/biology
Biology,"Units 3 and 4: biodiversity, ecosystems, genetics and evolution.",2025 v1.3,4,Transcription and translation,RNA; codons; protein,diagram,,2026-10-06,https://www.qcaa.qld.edu.au/downloads/senior-qce/syllabuses/snr_biology_25_syll.pdf,https://www.qcaa.qld.edu.au/senior/senior-subjects/syllabuses/sciences/biology
Biology,"Units 3 and 4: biodiversity, ecosystems, genetics and evolution.",2025 v1.3,4,Mutations and gene expression,mutation types; effects; regulation,concept,,2026-10-06,https://www.qcaa.qld.edu.au/downloads/senior-qce/syllabuses/snr_biology_25_syll.pdf,https://www.qcaa.qld.edu.au/senior/senior-subjects/syllabuses/sciences/biology
Biology,"Units 3 and 4: biodiversity, ecosystems, genetics and evolution.",2025 v1.3,4,Inheritance patterns,dominance; sex linkage; probability,concept,,2026-10-06,https://www.qcaa.qld.edu.au/downloads/senior-qce/syllabuses/snr_biology_25_syll.pdf,https://www.qcaa.qld.edu.au/senior/senior-subjects/syllabuses/sciences/biology
Biology,"Units 3 and 4: biodiversity, ecosystems, genetics and evolution.",2025 v1.3,4,"Recombinant DNA, PCR and electrophoresis",purpose; steps; interpretation,concept,,2026-10-06,https://www.qcaa.qld.edu.au/downloads/senior-qce/syllabuses/snr_biology_25_syll.pdf,https://www.qcaa.qld.edu.au/senior/senior-subjects/syllabuses/sciences/biology
Biology,"Units 3 and 4: biodiversity, ecosystems, genetics and evolution.",2025 v1.3,4,Natural selection and genetic drift,mechanisms; variation; populations,concept,,2026-10-06,https://www.qcaa.qld.edu.au/downloads/senior-qce/syllabuses/snr_biology_25_syll.pdf,https://www.qcaa.qld.edu.au/senior/senior-subjects/syllabuses/sciences/biology
Biology,"Units 3 and 4: biodiversity, ecosystems, genetics and evolution.",2025 v1.3,4,Speciation and evolutionary evidence,isolation; evidence; relationships,concept,,2026-10-06,https://www.qcaa.qld.edu.au/downloads/senior-qce/syllabuses/snr_biology_25_syll.pdf,https://www.qcaa.qld.edu.au/senior/senior-subjects/syllabuses/sciences/biology
Business,Unit 4 Topic 2: transformation of a business.,2025 v1.3,4.2,Business renewal and transformation,post-maturity; renewal; change,concept,,2026-10-06,https://www.qcaa.qld.edu.au/downloads/senior-qce/syllabuses/snr_business_25_syll.pdf,https://www.qcaa.qld.edu.au/senior/senior-subjects/syllabuses/humanities-social-sciences/business
Business,Unit 4 Topic 2: transformation of a business.,2025 v1.3,4.2,Drivers of organisational change,culture; competition; compliance,concept,,2026-10-06,https://www.qcaa.qld.edu.au/downloads/senior-qce/syllabuses/snr_business_25_syll.pdf,https://www.qcaa.qld.edu.au/senior/senior-subjects/syllabuses/humanities-social-sciences/business
Business,Unit 4 Topic 2: transformation of a business.,2025 v1.3,4.2,Lewin and Kotter change models,stages; application; limitations,compare,,2026-10-06,https://www.qcaa.qld.edu.au/downloads/senior-qce/syllabuses/snr_business_25_syll.pdf,https://www.qcaa.qld.edu.au/senior/senior-subjects/syllabuses/humanities-social-sciences/business
Business,Unit 4 Topic 2: transformation of a business.,2025 v1.3,4.2,Management styles,continuum; context; effects,concept,,2026-10-06,https://www.qcaa.qld.edu.au/downloads/senior-qce/syllabuses/snr_business_25_syll.pdf,https://www.qcaa.qld.edu.au/senior/senior-subjects/syllabuses/humanities-social-sciences/business
Business,Unit 4 Topic 2: transformation of a business.,2025 v1.3,4.2,Resistance to change,causes; management strategies; consequences,concept,,2026-10-06,https://www.qcaa.qld.edu.au/downloads/senior-qce/syllabuses/snr_business_25_syll.pdf,https://www.qcaa.qld.edu.au/senior/senior-subjects/syllabuses/humanities-social-sciences/business
Business,Unit 4 Topic 2: transformation of a business.,2025 v1.3,4.2,Force field analysis,driving forces; restraining forces; implications,concept,,2026-10-06,https://www.qcaa.qld.edu.au/downloads/senior-qce/syllabuses/snr_business_25_syll.pdf,https://www.qcaa.qld.edu.au/senior/senior-subjects/syllabuses/humanities-social-sciences/business
Business,Unit 4 Topic 2: transformation of a business.,2025 v1.3,4.2,SWOT analysis for transformation,evidence; relationships; implications,concept,,2026-10-06,https://www.qcaa.qld.edu.au/downloads/senior-qce/syllabuses/snr_business_25_syll.pdf,https://www.qcaa.qld.edu.au/senior/senior-subjects/syllabuses/humanities-social-sciences/business
Business,Unit 4 Topic 2: transformation of a business.,2025 v1.3,4.2,Performance management in renewal,retraining; development; redundancy,concept,,2026-10-06,https://www.qcaa.qld.edu.au/downloads/senior-qce/syllabuses/snr_business_25_syll.pdf,https://www.qcaa.qld.edu.au/senior/senior-subjects/syllabuses/humanities-social-sciences/business
Business,Unit 4 Topic 2: transformation of a business.,2025 v1.3,4.2,Transformation strategies across business functions,finance; human resources; marketing and operations,concept,,2026-10-06,https://www.qcaa.qld.edu.au/downloads/senior-qce/syllabuses/snr_business_25_syll.pdf,https://www.qcaa.qld.edu.au/senior/senior-subjects/syllabuses/humanities-social-sciences/business
Business,Unit 4 Topic 2: transformation of a business.,2025 v1.3,4.2,Evaluating transformation strategies,business criteria; evidence; recommendation,concept,,2026-10-06,https://www.qcaa.qld.edu.au/downloads/senior-qce/syllabuses/snr_business_25_syll.pdf,https://www.qcaa.qld.edu.au/senior/senior-subjects/syllabuses/humanities-social-sciences/business
Chemistry,Units 3 and 4: equilibrium and redox; organic structures and synthesis.,2025 v1.3,3,Dynamic equilibrium,closed systems; rates; concentrations,concept,,2026-10-06,https://www.qcaa.qld.edu.au/downloads/senior-qce/syllabuses/snr_chemistry_25_syll.pdf,https://www.qcaa.qld.edu.au/senior/senior-subjects/syllabuses/sciences/chemistry
Chemistry,Units 3 and 4: equilibrium and redox; organic structures and synthesis.,2025 v1.3,3,Equilibrium shifts,temperature; pressure; concentration,concept,,2026-10-06,https://www.qcaa.qld.edu.au/downloads/senior-qce/syllabuses/snr_chemistry_25_syll.pdf,https://www.qcaa.qld.edu.au/senior/senior-subjects/syllabuses/sciences/chemistry
Chemistry,Units 3 and 4: equilibrium and redox; organic structures and synthesis.,2025 v1.3,3,Equilibrium constants and reaction quotients,expressions; calculation; prediction,math,,2026-10-06,https://www.qcaa.qld.edu.au/downloads/senior-qce/syllabuses/snr_chemistry_25_syll.pdf,https://www.qcaa.qld.edu.au/senior/senior-subjects/syllabuses/sciences/chemistry
Chemistry,Units 3 and 4: equilibrium and redox; organic structures and synthesis.,2025 v1.3,3,Brønsted–Lowry acids and bases,proton transfer; conjugate pairs; strength,concept,,2026-10-06,https://www.qcaa.qld.edu.au/downloads/senior-qce/syllabuses/snr_chemistry_25_syll.pdf,https://www.qcaa.qld.edu.au/senior/senior-subjects/syllabuses/sciences/chemistry
Chemistry,Units 3 and 4: equilibrium and redox; organic structures and synthesis.,2025 v1.3,3,Acid–base indicators and titrations,curves; equivalence; calculations,concept,,2026-10-06,https://www.qcaa.qld.edu.au/downloads/senior-qce/syllabuses/snr_chemistry_25_syll.pdf,https://www.qcaa.qld.edu.au/senior/senior-subjects/syllabuses/sciences/chemistry
Chemistry,Units 3 and 4: equilibrium and redox; organic structures and synthesis.,2025 v1.3,3,Buffers and weak-acid equilibrium,conjugate pairs; resistance; ionisation,concept,,2026-10-06,https://www.qcaa.qld.edu.au/downloads/senior-qce/syllabuses/snr_chemistry_25_syll.pdf,https://www.qcaa.qld.edu.au/senior/senior-subjects/syllabuses/sciences/chemistry
Chemistry,Units 3 and 4: equilibrium and redox; organic structures and synthesis.,2025 v1.3,3,Redox and oxidation numbers,oxidation; reduction; agents,concept,,2026-10-06,https://www.qcaa.qld.edu.au/downloads/senior-qce/syllabuses/snr_chemistry_25_syll.pdf,https://www.qcaa.qld.edu.au/senior/senior-subjects/syllabuses/sciences/chemistry
Chemistry,Units 3 and 4: equilibrium and redox; organic structures and synthesis.,2025 v1.3,3,Galvanic and electrolytic cells,electrodes; electron flow; energy,compare,,2026-10-06,https://www.qcaa.qld.edu.au/downloads/senior-qce/syllabuses/snr_chemistry_25_syll.pdf,https://www.qcaa.qld.edu.au/senior/senior-subjects/syllabuses/sciences/chemistry
Chemistry,Units 3 and 4: equilibrium and redox; organic structures and synthesis.,2025 v1.3,3,Electrode potentials and electrolysis,prediction; conditions; products,concept,,2026-10-06,https://www.qcaa.qld.edu.au/downloads/senior-qce/syllabuses/snr_chemistry_25_syll.pdf,https://www.qcaa.qld.edu.au/senior/senior-subjects/syllabuses/sciences/chemistry
Chemistry,Units 3 and 4: equilibrium and redox; organic structures and synthesis.,2025 v1.3,4,Organic families and nomenclature,functional groups; names; structures,concept,,2026-10-06,https://www.qcaa.qld.edu.au/downloads/senior-qce/syllabuses/snr_chemistry_25_syll.pdf,https://www.qcaa.qld.edu.au/senior/senior-subjects/syllabuses/sciences/chemistry
Chemistry,Units 3 and 4: equilibrium and redox; organic structures and synthesis.,2025 v1.3,4,Structural and stereoisomers,structures; cis and trans; optical,concept,,2026-10-06,https://www.qcaa.qld.edu.au/downloads/senior-qce/syllabuses/snr_chemistry_25_syll.pdf,https://www.qcaa.qld.edu.au/senior/senior-subjects/syllabuses/sciences/chemistry
Chemistry,Units 3 and 4: equilibrium and redox; organic structures and synthesis.,2025 v1.3,4,Organic properties and intermolecular forces,structure; properties; relationships,concept,,2026-10-06,https://www.qcaa.qld.edu.au/downloads/senior-qce/syllabuses/snr_chemistry_25_syll.pdf,https://www.qcaa.qld.edu.au/senior/senior-subjects/syllabuses/sciences/chemistry
Chemistry,Units 3 and 4: equilibrium and redox; organic structures and synthesis.,2025 v1.3,4,Organic reaction pathways,reactants; conditions; products,diagram,,2026-10-06,https://www.qcaa.qld.edu.au/downloads/senior-qce/syllabuses/snr_chemistry_25_syll.pdf,https://www.qcaa.qld.edu.au/senior/senior-subjects/syllabuses/sciences/chemistry
Chemistry,Units 3 and 4: equilibrium and redox; organic structures and synthesis.,2025 v1.3,4,Polymers and organic materials,monomers; structure; properties,concept,,2026-10-06,https://www.qcaa.qld.edu.au/downloads/senior-qce/syllabuses/snr_chemistry_25_syll.pdf,https://www.qcaa.qld.edu.au/senior/senior-subjects/syllabuses/sciences/chemistry
Chemistry,Units 3 and 4: equilibrium and redox; organic structures and synthesis.,2025 v1.3,4,Organic synthesis and design,pathway; conditions; yield,concept,,2026-10-06,https://www.qcaa.qld.edu.au/downloads/senior-qce/syllabuses/snr_chemistry_25_syll.pdf,https://www.qcaa.qld.edu.au/senior/senior-subjects/syllabuses/sciences/chemistry
Chemistry,Units 3 and 4: equilibrium and redox; organic structures and synthesis.,2025 v1.3,4,Analytical techniques for organic compounds,data; structure; evidence,concept,,2026-10-06,https://www.qcaa.qld.edu.au/downloads/senior-qce/syllabuses/snr_chemistry_25_syll.pdf,https://www.qcaa.qld.edu.au/senior/senior-subjects/syllabuses/sciences/chemistry
Chinese,Unit 4: present experiences and future choices; comprehension and responses to written and audio/audiovisual texts.,2025 v1.3,4,School-leaving celebrations,experiences; culture; perspectives,language,,2026-10-06,https://www.qcaa.qld.edu.au/downloads/senior-qce/syllabuses/snr_chinese_25_syll.pdf,https://www.qcaa.qld.edu.au/senior/senior-subjects/syllabuses/languages/chinese
Chinese,Unit 4: present experiences and future choices; comprehension and responses to written and audio/audiovisual texts.,2025 v1.3,4,Reflecting on school life,experiences; relationships; opinions,language,,2026-10-06,https://www.qcaa.qld.edu.au/downloads/senior-qce/syllabuses/snr_chinese_25_syll.pdf,https://www.qcaa.qld.edu.au/senior/senior-subjects/syllabuses/languages/chinese
Chinese,Unit 4: present experiences and future choices; comprehension and responses to written and audio/audiovisual texts.,2025 v1.3,4,Post-school plans and aspirations,choices; reasons; possibilities,language,,2026-10-06,https://www.qcaa.qld.edu.au/downloads/senior-qce/syllabuses/snr_chinese_25_syll.pdf,https://www.qcaa.qld.edu.au/senior/senior-subjects/syllabuses/languages/chinese
Chinese,Unit 4: present experiences and future choices; comprehension and responses to written and audio/audiovisual texts.,2025 v1.3,4,Employment and further study,opportunities; benefits; challenges,language,,2026-10-06,https://www.qcaa.qld.edu.au/downloads/senior-qce/syllabuses/snr_chinese_25_syll.pdf,https://www.qcaa.qld.edu.au/senior/senior-subjects/syllabuses/languages/chinese
Chinese,Unit 4: present experiences and future choices; comprehension and responses to written and audio/audiovisual texts.,2025 v1.3,4,Benefits of a second language,employment; communication; culture,language,,2026-10-06,https://www.qcaa.qld.edu.au/downloads/senior-qce/syllabuses/snr_chinese_25_syll.pdf,https://www.qcaa.qld.edu.au/senior/senior-subjects/syllabuses/languages/chinese
Chinese,Unit 4: present experiences and future choices; comprehension and responses to written and audio/audiovisual texts.,2025 v1.3,4,"Tone, purpose and audience in future-choice texts",evidence; inference; meaning,language,,2026-10-06,https://www.qcaa.qld.edu.au/downloads/senior-qce/syllabuses/snr_chinese_25_syll.pdf,https://www.qcaa.qld.edu.au/senior/senior-subjects/syllabuses/languages/chinese
Chinese Extension,Units 3 and 4: analytical essay in the target language linking chosen stimulus to the Unit 4 independent investigation.,2026 v1.3,3–4,Ideas and perspectives about {option},ideas; values; perspectives,language-ext,Your Unit 4 investigation topic,2026-10-06,https://www.qcaa.qld.edu.au/downloads/senior-qce/syllabuses/snr_chinese_ext_26_syll.pdf,https://www.qcaa.qld.edu.au/senior/senior-subjects/syllabuses/languages/chinese-extension
Chinese Extension,Units 3 and 4: analytical essay in the target language linking chosen stimulus to the Unit 4 independent investigation.,2026 v1.3,3–4,Language and textual conventions about {option},choices; audience; meaning,language-ext,Your Unit 4 investigation topic,2026-10-06,https://www.qcaa.qld.edu.au/downloads/senior-qce/syllabuses/snr_chinese_ext_26_syll.pdf,https://www.qcaa.qld.edu.au/senior/senior-subjects/syllabuses/languages/chinese-extension
Chinese Extension,Units 3 and 4: analytical essay in the target language linking chosen stimulus to the Unit 4 independent investigation.,2026 v1.3,3–4,Linking stimulus to {option},connection; evidence; investigation,language-ext,Your Unit 4 investigation topic,2026-10-06,https://www.qcaa.qld.edu.au/downloads/senior-qce/syllabuses/snr_chinese_ext_26_syll.pdf,https://www.qcaa.qld.edu.au/senior/senior-subjects/syllabuses/languages/chinese-extension
Chinese Extension,Units 3 and 4: analytical essay in the target language linking chosen stimulus to the Unit 4 independent investigation.,2026 v1.3,3–4,Constructing an argument about {option},claim; reasons; evidence,language-ext,Your Unit 4 investigation topic,2026-10-06,https://www.qcaa.qld.edu.au/downloads/senior-qce/syllabuses/snr_chinese_ext_26_syll.pdf,https://www.qcaa.qld.edu.au/senior/senior-subjects/syllabuses/languages/chinese-extension
Chinese Extension,Units 3 and 4: analytical essay in the target language linking chosen stimulus to the Unit 4 independent investigation.,2026 v1.3,3–4,Evaluating competing views about {option},assumptions; evidence; judgment,language-ext,Your Unit 4 investigation topic,2026-10-06,https://www.qcaa.qld.edu.au/downloads/senior-qce/syllabuses/snr_chinese_ext_26_syll.pdf,https://www.qcaa.qld.edu.au/senior/senior-subjects/syllabuses/languages/chinese-extension
Chinese Extension,Units 3 and 4: analytical essay in the target language linking chosen stimulus to the Unit 4 independent investigation.,2026 v1.3,3–4,Analytical essay conventions for {option},structure; register; cohesion,language-ext,Your Unit 4 investigation topic,2026-10-06,https://www.qcaa.qld.edu.au/downloads/senior-qce/syllabuses/snr_chinese_ext_26_syll.pdf,https://www.qcaa.qld.edu.au/senior/senior-subjects/syllabuses/languages/chinese-extension
Dance,"EA: analytical essay about an unseen dance work, using dance knowledge and terminology.",2025 v1.3,EA,"Space, time and dynamics",movement choices; relationships; meaning,dance,,2026-10-06,https://www.qcaa.qld.edu.au/downloads/senior-qce/syllabuses/snr_dance_25_syll.pdf,https://www.qcaa.qld.edu.au/senior/senior-subjects/syllabuses/the-arts/dance
Dance,"EA: analytical essay about an unseen dance work, using dance knowledge and terminology.",2025 v1.3,EA,Dance structure and choreographic devices,organisation; repetition; contrast,dance,,2026-10-06,https://www.qcaa.qld.edu.au/downloads/senior-qce/syllabuses/snr_dance_25_syll.pdf,https://www.qcaa.qld.edu.au/senior/senior-subjects/syllabuses/the-arts/dance
Dance,"EA: analytical essay about an unseen dance work, using dance knowledge and terminology.",2025 v1.3,EA,Production elements in dance,lighting; costume; sound,dance,,2026-10-06,https://www.qcaa.qld.edu.au/downloads/senior-qce/syllabuses/snr_dance_25_syll.pdf,https://www.qcaa.qld.edu.au/senior/senior-subjects/syllabuses/the-arts/dance
Dance,"EA: analytical essay about an unseen dance work, using dance knowledge and terminology.",2025 v1.3,EA,Dance skills and expressive qualities,execution; expression; meaning,dance,,2026-10-06,https://www.qcaa.qld.edu.au/downloads/senior-qce/syllabuses/snr_dance_25_syll.pdf,https://www.qcaa.qld.edu.au/senior/senior-subjects/syllabuses/the-arts/dance
Dance,"EA: analytical essay about an unseen dance work, using dance knowledge and terminology.",2025 v1.3,EA,Evaluating choreographic meaning,evidence; interpretation; viewpoint,dance,,2026-10-06,https://www.qcaa.qld.edu.au/downloads/senior-qce/syllabuses/snr_dance_25_syll.pdf,https://www.qcaa.qld.edu.au/senior/senior-subjects/syllabuses/the-arts/dance
Design,"Unit 4: sustainable design, using the develop phase in response to a design problem.",2025 v1.3,4,Sustainable design requirements,environmental; social; economic,design,,2026-10-06,https://www.qcaa.qld.edu.au/downloads/senior-qce/syllabuses/snr_design_25_syll.pdf,https://www.qcaa.qld.edu.au/senior/senior-subjects/syllabuses/technologies/design
Design,"Unit 4: sustainable design, using the develop phase in response to a design problem.",2025 v1.3,4,Divergent ideation for sustainability,fluency; flexibility; originality,design,,2026-10-06,https://www.qcaa.qld.edu.au/downloads/senior-qce/syllabuses/snr_design_25_syll.pdf,https://www.qcaa.qld.edu.au/senior/senior-subjects/syllabuses/technologies/design
Design,"Unit 4: sustainable design, using the develop phase in response to a design problem.",2025 v1.3,4,Schematic and ideation sketches,features; function; annotations,design,,2026-10-06,https://www.qcaa.qld.edu.au/downloads/senior-qce/syllabuses/snr_design_25_syll.pdf,https://www.qcaa.qld.edu.au/senior/senior-subjects/syllabuses/technologies/design
Design,"Unit 4: sustainable design, using the develop phase in response to a design problem.",2025 v1.3,4,Evaluating ideas against design criteria,strengths; limitations; implications,design,,2026-10-06,https://www.qcaa.qld.edu.au/downloads/senior-qce/syllabuses/snr_design_25_syll.pdf,https://www.qcaa.qld.edu.au/senior/senior-subjects/syllabuses/technologies/design
Design,"Unit 4: sustainable design, using the develop phase in response to a design problem.",2025 v1.3,4,Refining and proposing a design concept,synthesis; sustainability; justification,design,,2026-10-06,https://www.qcaa.qld.edu.au/downloads/senior-qce/syllabuses/snr_design_25_syll.pdf,https://www.qcaa.qld.edu.au/senior/senior-subjects/syllabuses/technologies/design
Digital Solutions,Unit 4: secure data exchange and digital impacts.,2025 v1.4,4,Encryption and authentication,differences; symmetric; asymmetric,concept,,2026-10-06,https://www.qcaa.qld.edu.au/downloads/senior-qce/syllabuses/snr_digital_solutions_25_syll.pdf,https://www.qcaa.qld.edu.au/senior/senior-subjects/syllabuses/technologies/digital-solutions
Digital Solutions,Unit 4: secure data exchange and digital impacts.,2025 v1.4,4,"Caesar, polyalphabetic and one-time-pad ciphers",processes; strengths; limitations,concept,,2026-10-06,https://www.qcaa.qld.edu.au/downloads/senior-qce/syllabuses/snr_digital_solutions_25_syll.pdf,https://www.qcaa.qld.edu.au/senior/senior-subjects/syllabuses/technologies/digital-solutions
Digital Solutions,Unit 4: secure data exchange and digital impacts.,2025 v1.4,4,"Hashing, checksums and compression",purposes; data integrity; transfer,concept,,2026-10-06,https://www.qcaa.qld.edu.au/downloads/senior-qce/syllabuses/snr_digital_solutions_25_syll.pdf,https://www.qcaa.qld.edu.au/senior/senior-subjects/syllabuses/technologies/digital-solutions
Digital Solutions,Unit 4: secure data exchange and digital impacts.,2025 v1.4,4,Network protocols and performance,TCP/IP; latency and jitter; delivery,concept,,2026-10-06,https://www.qcaa.qld.edu.au/downloads/senior-qce/syllabuses/snr_digital_solutions_25_syll.pdf,https://www.qcaa.qld.edu.au/senior/senior-subjects/syllabuses/technologies/digital-solutions
Digital Solutions,Unit 4: secure data exchange and digital impacts.,2025 v1.4,4,"APIs, REST, JSON and XML",exchange; formats; systems,concept,,2026-10-06,https://www.qcaa.qld.edu.au/downloads/senior-qce/syllabuses/snr_digital_solutions_25_syll.pdf,https://www.qcaa.qld.edu.au/senior/senior-subjects/syllabuses/technologies/digital-solutions
Digital Solutions,Unit 4: secure data exchange and digital impacts.,2025 v1.4,4,Australian Privacy Principles and data ethics,sensitive data; responsibilities; impacts,concept,,2026-10-06,https://www.qcaa.qld.edu.au/downloads/senior-qce/syllabuses/snr_digital_solutions_25_syll.pdf,https://www.qcaa.qld.edu.au/senior/senior-subjects/syllabuses/technologies/digital-solutions
Digital Solutions,Unit 4: secure data exchange and digital impacts.,2025 v1.4,4,Data-flow diagrams and system components,entities; processes; stores,diagram,,2026-10-06,https://www.qcaa.qld.edu.au/downloads/senior-qce/syllabuses/snr_digital_solutions_25_syll.pdf,https://www.qcaa.qld.edu.au/senior/senior-subjects/syllabuses/technologies/digital-solutions
Digital Solutions,Unit 4: secure data exchange and digital impacts.,2025 v1.4,4,Pseudocode and data-exchange algorithms,sequence; selection; iteration,algorithm,,2026-10-06,https://www.qcaa.qld.edu.au/downloads/senior-qce/syllabuses/snr_digital_solutions_25_syll.pdf,https://www.qcaa.qld.edu.au/senior/senior-subjects/syllabuses/technologies/digital-solutions
Digital Solutions,Unit 4: secure data exchange and digital impacts.,2025 v1.4,4,"Variables, validation and data integrity",scope; checks; consistency,concept,,2026-10-06,https://www.qcaa.qld.edu.au/downloads/senior-qce/syllabuses/snr_digital_solutions_25_syll.pdf,https://www.qcaa.qld.edu.au/senior/senior-subjects/syllabuses/technologies/digital-solutions
Digital Solutions,Unit 4: secure data exchange and digital impacts.,2025 v1.4,4,SQL and programmed data exchanges,queries; data; output,algorithm,,2026-10-06,https://www.qcaa.qld.edu.au/downloads/senior-qce/syllabuses/snr_digital_solutions_25_syll.pdf,https://www.qcaa.qld.edu.au/senior/senior-subjects/syllabuses/technologies/digital-solutions
Digital Solutions,Unit 4: secure data exchange and digital impacts.,2025 v1.4,4,Emerging technologies in data exchange,concepts; applications; impacts,concept,,2026-10-06,https://www.qcaa.qld.edu.au/downloads/senior-qce/syllabuses/snr_digital_solutions_25_syll.pdf,https://www.qcaa.qld.edu.au/senior/senior-subjects/syllabuses/technologies/digital-solutions
Digital Solutions,Unit 4: secure data exchange and digital impacts.,2025 v1.4,4,Evaluating secure solutions,criteria; risks; refinements,concept,,2026-10-06,https://www.qcaa.qld.edu.au/downloads/senior-qce/syllabuses/snr_digital_solutions_25_syll.pdf,https://www.qcaa.qld.edu.au/senior/senior-subjects/syllabuses/technologies/digital-solutions
Drama,EA: analytical essay responding to unseen dramatic stimulus.,2025 v1.3,EA,Dramatic elements and meaning,tension; focus; relationships,drama,,2026-10-06,https://www.qcaa.qld.edu.au/downloads/senior-qce/syllabuses/snr_drama_25_syll.pdf,https://www.qcaa.qld.edu.au/senior/senior-subjects/syllabuses/the-arts/drama
Drama,EA: analytical essay responding to unseen dramatic stimulus.,2025 v1.3,EA,Dramatic conventions and form,conventions; structure; meaning,drama,,2026-10-06,https://www.qcaa.qld.edu.au/downloads/senior-qce/syllabuses/snr_drama_25_syll.pdf,https://www.qcaa.qld.edu.au/senior/senior-subjects/syllabuses/the-arts/drama
Drama,EA: analytical essay responding to unseen dramatic stimulus.,2025 v1.3,EA,Performance and expressive choices,voice; movement; character,drama,,2026-10-06,https://www.qcaa.qld.edu.au/downloads/senior-qce/syllabuses/snr_drama_25_syll.pdf,https://www.qcaa.qld.edu.au/senior/senior-subjects/syllabuses/the-arts/drama
Drama,EA: analytical essay responding to unseen dramatic stimulus.,2025 v1.3,EA,Design and production choices,space; lighting; costume,drama,,2026-10-06,https://www.qcaa.qld.edu.au/downloads/senior-qce/syllabuses/snr_drama_25_syll.pdf,https://www.qcaa.qld.edu.au/senior/senior-subjects/syllabuses/the-arts/drama
Drama,EA: analytical essay responding to unseen dramatic stimulus.,2025 v1.3,EA,Synthesising and evaluating dramatic meaning,evidence; relationships; viewpoint,drama,,2026-10-06,https://www.qcaa.qld.edu.au/downloads/senior-qce/syllabuses/snr_drama_25_syll.pdf,https://www.qcaa.qld.edu.au/senior/senior-subjects/syllabuses/the-arts/drama
Earth & Environmental Science,"Units 3 and 4: Earth resources, hazards and global climate change.",2025 v1.3,3,Non-renewable resource formation and extraction,formation; distribution; impacts,concept,,2026-10-06,https://www.qcaa.qld.edu.au/downloads/senior-qce/syllabuses/snr_earth_science_25_syll.pdf,https://www.qcaa.qld.edu.au/senior/senior-subjects/syllabuses/sciences/earth-environmental-science
Earth & Environmental Science,"Units 3 and 4: Earth resources, hazards and global climate change.",2025 v1.3,3,Resource use and sustainability,demand; management; costs,concept,,2026-10-06,https://www.qcaa.qld.edu.au/downloads/senior-qce/syllabuses/snr_earth_science_25_syll.pdf,https://www.qcaa.qld.edu.au/senior/senior-subjects/syllabuses/sciences/earth-environmental-science
Earth & Environmental Science,"Units 3 and 4: Earth resources, hazards and global climate change.",2025 v1.3,3,Renewable Earth resources,availability; use; management,concept,,2026-10-06,https://www.qcaa.qld.edu.au/downloads/senior-qce/syllabuses/snr_earth_science_25_syll.pdf,https://www.qcaa.qld.edu.au/senior/senior-subjects/syllabuses/sciences/earth-environmental-science
Earth & Environmental Science,"Units 3 and 4: Earth resources, hazards and global climate change.",2025 v1.3,3,Soil and water resource management,threats; responses; evidence,concept,,2026-10-06,https://www.qcaa.qld.edu.au/downloads/senior-qce/syllabuses/snr_earth_science_25_syll.pdf,https://www.qcaa.qld.edu.au/senior/senior-subjects/syllabuses/sciences/earth-environmental-science
Earth & Environmental Science,"Units 3 and 4: Earth resources, hazards and global climate change.",2025 v1.3,4,Plate boundaries and geological hazards,processes; location; impacts,diagram,,2026-10-06,https://www.qcaa.qld.edu.au/downloads/senior-qce/syllabuses/snr_earth_science_25_syll.pdf,https://www.qcaa.qld.edu.au/senior/senior-subjects/syllabuses/sciences/earth-environmental-science
Earth & Environmental Science,"Units 3 and 4: Earth resources, hazards and global climate change.",2025 v1.3,4,"Earthquakes, volcanoes and tsunamis",causes; effects; risk,concept,,2026-10-06,https://www.qcaa.qld.edu.au/downloads/senior-qce/syllabuses/snr_earth_science_25_syll.pdf,https://www.qcaa.qld.edu.au/senior/senior-subjects/syllabuses/sciences/earth-environmental-science
Earth & Environmental Science,"Units 3 and 4: Earth resources, hazards and global climate change.",2025 v1.3,4,"Cyclones, floods and drought",processes; location; impacts,concept,,2026-10-06,https://www.qcaa.qld.edu.au/downloads/senior-qce/syllabuses/snr_earth_science_25_syll.pdf,https://www.qcaa.qld.edu.au/senior/senior-subjects/syllabuses/sciences/earth-environmental-science
Earth & Environmental Science,"Units 3 and 4: Earth resources, hazards and global climate change.",2025 v1.3,4,Human activity and hazard vulnerability,land clearing; urbanisation; management,concept,,2026-10-06,https://www.qcaa.qld.edu.au/downloads/senior-qce/syllabuses/snr_earth_science_25_syll.pdf,https://www.qcaa.qld.edu.au/senior/senior-subjects/syllabuses/sciences/earth-environmental-science
Earth & Environmental Science,"Units 3 and 4: Earth resources, hazards and global climate change.",2025 v1.3,4,Radiative forcing and greenhouse gases,processes; comparison; effects,concept,,2026-10-06,https://www.qcaa.qld.edu.au/downloads/senior-qce/syllabuses/snr_earth_science_25_syll.pdf,https://www.qcaa.qld.edu.au/senior/senior-subjects/syllabuses/sciences/earth-environmental-science
Earth & Environmental Science,"Units 3 and 4: Earth resources, hazards and global climate change.",2025 v1.3,4,Natural and human drivers of climate change,orbital changes; emissions; evidence,concept,,2026-10-06,https://www.qcaa.qld.edu.au/downloads/senior-qce/syllabuses/snr_earth_science_25_syll.pdf,https://www.qcaa.qld.edu.au/senior/senior-subjects/syllabuses/sciences/earth-environmental-science
Earth & Environmental Science,"Units 3 and 4: Earth resources, hazards and global climate change.",2025 v1.3,4,Palaeoclimate evidence,ice cores; isotopes; limitations,concept,,2026-10-06,https://www.qcaa.qld.edu.au/downloads/senior-qce/syllabuses/snr_earth_science_25_syll.pdf,https://www.qcaa.qld.edu.au/senior/senior-subjects/syllabuses/sciences/earth-environmental-science
Earth & Environmental Science,"Units 3 and 4: Earth resources, hazards and global climate change.",2025 v1.3,4,Climate models and Australian climate patterns,models; ENSO; predictions,concept,,2026-10-06,https://www.qcaa.qld.edu.au/downloads/senior-qce/syllabuses/snr_earth_science_25_syll.pdf,https://www.qcaa.qld.edu.au/senior/senior-subjects/syllabuses/sciences/earth-environmental-science
Economics,Unit 4 Topics 1 and 3: macroeconomic theory and objectives; economic management.,2025 v1.4,4.1,Macroeconomic objectives and trade-offs,growth; employment; price and external stability,concept,,2026-10-06,https://www.qcaa.qld.edu.au/downloads/senior-qce/syllabuses/snr_economics_25_syll.pdf,https://www.qcaa.qld.edu.au/senior/senior-subjects/syllabuses/humanities-social-sciences/economics
Economics,Unit 4 Topics 1 and 3: macroeconomic theory and objectives; economic management.,2025 v1.4,4.1,Aggregate demand and aggregate supply,shifts; equilibrium; policy effects,diagram,,2026-10-06,https://www.qcaa.qld.edu.au/downloads/senior-qce/syllabuses/snr_economics_25_syll.pdf,https://www.qcaa.qld.edu.au/senior/senior-subjects/syllabuses/humanities-social-sciences/economics
Economics,Unit 4 Topics 1 and 3: macroeconomic theory and objectives; economic management.,2025 v1.4,4.1,Circular flow and the multiplier,components; MPC and MPS; policy effects,diagram,,2026-10-06,https://www.qcaa.qld.edu.au/downloads/senior-qce/syllabuses/snr_economics_25_syll.pdf,https://www.qcaa.qld.edu.au/senior/senior-subjects/syllabuses/humanities-social-sciences/economics
Economics,Unit 4 Topics 1 and 3: macroeconomic theory and objectives; economic management.,2025 v1.4,4.1,Economic cycle,phases; indicators; policy responses,concept,,2026-10-06,https://www.qcaa.qld.edu.au/downloads/senior-qce/syllabuses/snr_economics_25_syll.pdf,https://www.qcaa.qld.edu.au/senior/senior-subjects/syllabuses/humanities-social-sciences/economics
Economics,Unit 4 Topics 1 and 3: macroeconomic theory and objectives; economic management.,2025 v1.4,4.1,Inflation and unemployment,types; causes; costs,concept,,2026-10-06,https://www.qcaa.qld.edu.au/downloads/senior-qce/syllabuses/snr_economics_25_syll.pdf,https://www.qcaa.qld.edu.au/senior/senior-subjects/syllabuses/humanities-social-sciences/economics
Economics,Unit 4 Topics 1 and 3: macroeconomic theory and objectives; economic management.,2025 v1.4,4.1,Real and nominal measures,GDP; wages; interest rates,math,,2026-10-06,https://www.qcaa.qld.edu.au/downloads/senior-qce/syllabuses/snr_economics_25_syll.pdf,https://www.qcaa.qld.edu.au/senior/senior-subjects/syllabuses/humanities-social-sciences/economics
Economics,Unit 4 Topics 1 and 3: macroeconomic theory and objectives; economic management.,2025 v1.4,4.1,Automatic stabilisers and discretionary spending,differences; aggregate demand; economic cycle,compare,,2026-10-06,https://www.qcaa.qld.edu.au/downloads/senior-qce/syllabuses/snr_economics_25_syll.pdf,https://www.qcaa.qld.edu.au/senior/senior-subjects/syllabuses/humanities-social-sciences/economics
Economics,Unit 4 Topics 1 and 3: macroeconomic theory and objectives; economic management.,2025 v1.4,4.3,Fiscal policy,revenue; expenditure; effectiveness,concept,,2026-10-06,https://www.qcaa.qld.edu.au/downloads/senior-qce/syllabuses/snr_economics_25_syll.pdf,https://www.qcaa.qld.edu.au/senior/senior-subjects/syllabuses/humanities-social-sciences/economics
Economics,Unit 4 Topics 1 and 3: macroeconomic theory and objectives; economic management.,2025 v1.4,4.3,Monetary policy and transmission channels,RBA; interest rates; aggregate demand,concept,,2026-10-06,https://www.qcaa.qld.edu.au/downloads/senior-qce/syllabuses/snr_economics_25_syll.pdf,https://www.qcaa.qld.edu.au/senior/senior-subjects/syllabuses/humanities-social-sciences/economics
Economics,Unit 4 Topics 1 and 3: macroeconomic theory and objectives; economic management.,2025 v1.4,4.3,Supply-side policies and microeconomic reform,productivity; efficiency; competitiveness,concept,,2026-10-06,https://www.qcaa.qld.edu.au/downloads/senior-qce/syllabuses/snr_economics_25_syll.pdf,https://www.qcaa.qld.edu.au/senior/senior-subjects/syllabuses/humanities-social-sciences/economics
Economics,Unit 4 Topics 1 and 3: macroeconomic theory and objectives; economic management.,2025 v1.4,4.3,Policy limitations and trade-offs,time lags; global influences; constraints,concept,,2026-10-06,https://www.qcaa.qld.edu.au/downloads/senior-qce/syllabuses/snr_economics_25_syll.pdf,https://www.qcaa.qld.edu.au/senior/senior-subjects/syllabuses/humanities-social-sciences/economics
Economics,Unit 4 Topics 1 and 3: macroeconomic theory and objectives; economic management.,2025 v1.4,4.3,Evaluating economic policy,objectives; evidence; efficiency and equity,concept,,2026-10-06,https://www.qcaa.qld.edu.au/downloads/senior-qce/syllabuses/snr_economics_25_syll.pdf,https://www.qcaa.qld.edu.au/senior/senior-subjects/syllabuses/humanities-social-sciences/economics
Engineering,Unit 4: machines and mechanisms.,2025 v1.4,4,Machines and engineering impacts,problem; society; sustainability,concept,,2026-10-06,https://www.qcaa.qld.edu.au/downloads/senior-qce/syllabuses/snr_engineering_25_syll.pdf,https://www.qcaa.qld.edu.au/senior/senior-subjects/syllabuses/technologies/engineering
Engineering,Unit 4: machines and mechanisms.,2025 v1.4,4,Simple machines and motion,function; mechanical advantage; motion types,concept,,2026-10-06,https://www.qcaa.qld.edu.au/downloads/senior-qce/syllabuses/snr_engineering_25_syll.pdf,https://www.qcaa.qld.edu.au/senior/senior-subjects/syllabuses/technologies/engineering
Engineering,Unit 4: machines and mechanisms.,2025 v1.4,4,Belts and gears,ratios; speed; torque,math,,2026-10-06,https://www.qcaa.qld.edu.au/downloads/senior-qce/syllabuses/snr_engineering_25_syll.pdf,https://www.qcaa.qld.edu.au/senior/senior-subjects/syllabuses/technologies/engineering
Engineering,Unit 4: machines and mechanisms.,2025 v1.4,4,Mechanical power and efficiency,input; output; losses,math,,2026-10-06,https://www.qcaa.qld.edu.au/downloads/senior-qce/syllabuses/snr_engineering_25_syll.pdf,https://www.qcaa.qld.edu.au/senior/senior-subjects/syllabuses/technologies/engineering
Engineering,Unit 4: machines and mechanisms.,2025 v1.4,4,Friction and mechanical systems,forces; effects; design,concept,,2026-10-06,https://www.qcaa.qld.edu.au/downloads/senior-qce/syllabuses/snr_engineering_25_syll.pdf,https://www.qcaa.qld.edu.au/senior/senior-subjects/syllabuses/technologies/engineering
Engineering,Unit 4: machines and mechanisms.,2025 v1.4,4,Control systems in machines,components; feedback; function,diagram,,2026-10-06,https://www.qcaa.qld.edu.au/downloads/senior-qce/syllabuses/snr_engineering_25_syll.pdf,https://www.qcaa.qld.edu.au/senior/senior-subjects/syllabuses/technologies/engineering
Engineering,Unit 4: machines and mechanisms.,2025 v1.4,4,Materials phase diagrams,phases; composition; temperature,concept,,2026-10-06,https://www.qcaa.qld.edu.au/downloads/senior-qce/syllabuses/snr_engineering_25_syll.pdf,https://www.qcaa.qld.edu.au/senior/senior-subjects/syllabuses/technologies/engineering
Engineering,Unit 4: machines and mechanisms.,2025 v1.4,4,Steel microstructures and processing,composition; properties; manufacture,concept,,2026-10-06,https://www.qcaa.qld.edu.au/downloads/senior-qce/syllabuses/snr_engineering_25_syll.pdf,https://www.qcaa.qld.edu.au/senior/senior-subjects/syllabuses/technologies/engineering
English,Unit 4: analytical response to the school-selected EA literary text.,2025 v1.3,4,Representations of people in {option},characterisation; relationships; reader positioning,english,Your school-selected EA text,2026-10-06,https://www.qcaa.qld.edu.au/downloads/senior-qce/syllabuses/snr_english_25_syll.pdf,https://www.qcaa.qld.edu.au/senior/senior-subjects/syllabuses/english/english
English,Unit 4: analytical response to the school-selected EA literary text.,2025 v1.3,4,Representations of places in {option},setting; imagery; significance,english,Your school-selected EA text,2026-10-06,https://www.qcaa.qld.edu.au/downloads/senior-qce/syllabuses/snr_english_25_syll.pdf,https://www.qcaa.qld.edu.au/senior/senior-subjects/syllabuses/english/english
English,Unit 4: analytical response to the school-selected EA literary text.,2025 v1.3,4,Representations of concepts in {option},central idea; textual choices; interpretation,english,Your school-selected EA text,2026-10-06,https://www.qcaa.qld.edu.au/downloads/senior-qce/syllabuses/snr_english_25_syll.pdf,https://www.qcaa.qld.edu.au/senior/senior-subjects/syllabuses/english/english
English,Unit 4: analytical response to the school-selected EA literary text.,2025 v1.3,4,Cultural assumptions and values in {option},beliefs; attitudes; reader positioning,english,Your school-selected EA text,2026-10-06,https://www.qcaa.qld.edu.au/downloads/senior-qce/syllabuses/snr_english_25_syll.pdf,https://www.qcaa.qld.edu.au/senior/senior-subjects/syllabuses/english/english
English,Unit 4: analytical response to the school-selected EA literary text.,2025 v1.3,4,Language choices in {option},specific feature; evidence; effect,english,Your school-selected EA text,2026-10-06,https://www.qcaa.qld.edu.au/downloads/senior-qce/syllabuses/snr_english_25_syll.pdf,https://www.qcaa.qld.edu.au/senior/senior-subjects/syllabuses/english/english
English,Unit 4: analytical response to the school-selected EA literary text.,2025 v1.3,4,Structure and development in {option},sequence; contrast; meaning,english,Your school-selected EA text,2026-10-06,https://www.qcaa.qld.edu.au/downloads/senior-qce/syllabuses/snr_english_25_syll.pdf,https://www.qcaa.qld.edu.au/senior/senior-subjects/syllabuses/english/english
English,Unit 4: analytical response to the school-selected EA literary text.,2025 v1.3,4,Evidence supporting an argument about {option},accurate quotation; context; analysis,english,Your school-selected EA text,2026-10-06,https://www.qcaa.qld.edu.au/downloads/senior-qce/syllabuses/snr_english_25_syll.pdf,https://www.qcaa.qld.edu.au/senior/senior-subjects/syllabuses/english/english
English,Unit 4: analytical response to the school-selected EA literary text.,2025 v1.3,4,Responding to an unseen question on {option},thesis; argument; relevant evidence,english,Your school-selected EA text,2026-10-06,https://www.qcaa.qld.edu.au/downloads/senior-qce/syllabuses/snr_english_25_syll.pdf,https://www.qcaa.qld.edu.au/senior/senior-subjects/syllabuses/english/english
English & Literature Extension,"Unit 4: theorised close reading of an unseen short literary text, using text-centred and world-context-centred approaches.",2026 v1.4,4,Text-centred approaches,genre; structure; language,theory,,2026-10-06,https://www.qcaa.qld.edu.au/downloads/senior-qce/syllabuses/snr_english_lit_ext_26_syll.pdf,https://www.qcaa.qld.edu.au/senior/senior-subjects/syllabuses/english/english-literature-extension
English & Literature Extension,"Unit 4: theorised close reading of an unseen short literary text, using text-centred and world-context-centred approaches.",2026 v1.4,4,World-context-centred approaches,context; ideology; interpretation,theory,,2026-10-06,https://www.qcaa.qld.edu.au/downloads/senior-qce/syllabuses/snr_english_lit_ext_26_syll.pdf,https://www.qcaa.qld.edu.au/senior/senior-subjects/syllabuses/english/english-literature-extension
English & Literature Extension,"Unit 4: theorised close reading of an unseen short literary text, using text-centred and world-context-centred approaches.",2026 v1.4,4,Theoretical assumptions and terminology,assumptions; application; limitations,theory,,2026-10-06,https://www.qcaa.qld.edu.au/downloads/senior-qce/syllabuses/snr_english_lit_ext_26_syll.pdf,https://www.qcaa.qld.edu.au/senior/senior-subjects/syllabuses/english/english-literature-extension
English & Literature Extension,"Unit 4: theorised close reading of an unseen short literary text, using text-centred and world-context-centred approaches.",2026 v1.4,4,Close reading of a short literary text,detail; pattern; interpretation,theory,,2026-10-06,https://www.qcaa.qld.edu.au/downloads/senior-qce/syllabuses/snr_english_lit_ext_26_syll.pdf,https://www.qcaa.qld.edu.au/senior/senior-subjects/syllabuses/english/english-literature-extension
English & Literature Extension,"Unit 4: theorised close reading of an unseen short literary text, using text-centred and world-context-centred approaches.",2026 v1.4,4,Synthesising theory and textual evidence,theory; evidence; reading,theory,,2026-10-06,https://www.qcaa.qld.edu.au/downloads/senior-qce/syllabuses/snr_english_lit_ext_26_syll.pdf,https://www.qcaa.qld.edu.au/senior/senior-subjects/syllabuses/english/english-literature-extension
English & Literature Extension,"Unit 4: theorised close reading of an unseen short literary text, using text-centred and world-context-centred approaches.",2026 v1.4,4,Alternative theorised interpretations,assumptions; evidence; strengths,theory,,2026-10-06,https://www.qcaa.qld.edu.au/downloads/senior-qce/syllabuses/snr_english_lit_ext_26_syll.pdf,https://www.qcaa.qld.edu.au/senior/senior-subjects/syllabuses/english/english-literature-extension
English & Literature Extension,"Unit 4: theorised close reading of an unseen short literary text, using text-centred and world-context-centred approaches.",2026 v1.4,4,Planning a theorised close reading,interpretation; theoretical grounding; evidence,theory,,2026-10-06,https://www.qcaa.qld.edu.au/downloads/senior-qce/syllabuses/snr_english_lit_ext_26_syll.pdf,https://www.qcaa.qld.edu.au/senior/senior-subjects/syllabuses/english/english-literature-extension
English as an Additional Language,Unit 4: analytical response to the school-selected EA literary text.,2025 v1.3,4,Representations of people in {option},characterisation; relationships; reader positioning,english,Your school-selected EA text,2026-10-06,https://www.qcaa.qld.edu.au/downloads/senior-qce/syllabuses/snr_english_add_lang_25_syll.pdf,https://www.qcaa.qld.edu.au/senior/senior-subjects/syllabuses/english/english-as-an-additional-language
English as an Additional Language,Unit 4: analytical response to the school-selected EA literary text.,2025 v1.3,4,Representations of places in {option},setting; imagery; significance,english,Your school-selected EA text,2026-10-06,https://www.qcaa.qld.edu.au/downloads/senior-qce/syllabuses/snr_english_add_lang_25_syll.pdf,https://www.qcaa.qld.edu.au/senior/senior-subjects/syllabuses/english/english-as-an-additional-language
English as an Additional Language,Unit 4: analytical response to the school-selected EA literary text.,2025 v1.3,4,Representations of concepts in {option},central idea; textual choices; interpretation,english,Your school-selected EA text,2026-10-06,https://www.qcaa.qld.edu.au/downloads/senior-qce/syllabuses/snr_english_add_lang_25_syll.pdf,https://www.qcaa.qld.edu.au/senior/senior-subjects/syllabuses/english/english-as-an-additional-language
English as an Additional Language,Unit 4: analytical response to the school-selected EA literary text.,2025 v1.3,4,Cultural assumptions and values in {option},beliefs; attitudes; reader positioning,english,Your school-selected EA text,2026-10-06,https://www.qcaa.qld.edu.au/downloads/senior-qce/syllabuses/snr_english_add_lang_25_syll.pdf,https://www.qcaa.qld.edu.au/senior/senior-subjects/syllabuses/english/english-as-an-additional-language
English as an Additional Language,Unit 4: analytical response to the school-selected EA literary text.,2025 v1.3,4,Language choices in {option},specific feature; evidence; effect,english,Your school-selected EA text,2026-10-06,https://www.qcaa.qld.edu.au/downloads/senior-qce/syllabuses/snr_english_add_lang_25_syll.pdf,https://www.qcaa.qld.edu.au/senior/senior-subjects/syllabuses/english/english-as-an-additional-language
English as an Additional Language,Unit 4: analytical response to the school-selected EA literary text.,2025 v1.3,4,Structure and development in {option},sequence; contrast; meaning,english,Your school-selected EA text,2026-10-06,https://www.qcaa.qld.edu.au/downloads/senior-qce/syllabuses/snr_english_add_lang_25_syll.pdf,https://www.qcaa.qld.edu.au/senior/senior-subjects/syllabuses/english/english-as-an-additional-language
English as an Additional Language,Unit 4: analytical response to the school-selected EA literary text.,2025 v1.3,4,Evidence supporting an argument about {option},accurate quotation; context; analysis,english,Your school-selected EA text,2026-10-06,https://www.qcaa.qld.edu.au/downloads/senior-qce/syllabuses/snr_english_add_lang_25_syll.pdf,https://www.qcaa.qld.edu.au/senior/senior-subjects/syllabuses/english/english-as-an-additional-language
English as an Additional Language,Unit 4: analytical response to the school-selected EA literary text.,2025 v1.3,4,Responding to an unseen question on {option},thesis; argument; relevant evidence,english,Your school-selected EA text,2026-10-06,https://www.qcaa.qld.edu.au/downloads/senior-qce/syllabuses/snr_english_add_lang_25_syll.pdf,https://www.qcaa.qld.edu.au/senior/senior-subjects/syllabuses/english/english-as-an-additional-language
"Film, Television & New Media",EA: extended analytical response to unseen stimulus using moving-image knowledge.,2025 v1.4,EA,Camera and framing choices,shot; angle; movement,film,,2026-10-06,https://www.qcaa.qld.edu.au/downloads/senior-qce/syllabuses/snr_film_tv_25_syll.pdf,https://www.qcaa.qld.edu.au/senior/senior-subjects/syllabuses/the-arts/film-television-new-media
"Film, Television & New Media",EA: extended analytical response to unseen stimulus using moving-image knowledge.,2025 v1.4,EA,Editing and time,sequence; pace; relationships,film,,2026-10-06,https://www.qcaa.qld.edu.au/downloads/senior-qce/syllabuses/snr_film_tv_25_syll.pdf,https://www.qcaa.qld.edu.au/senior/senior-subjects/syllabuses/the-arts/film-television-new-media
"Film, Television & New Media",EA: extended analytical response to unseen stimulus using moving-image knowledge.,2025 v1.4,EA,Sound and meaning,dialogue; music; effects,film,,2026-10-06,https://www.qcaa.qld.edu.au/downloads/senior-qce/syllabuses/snr_film_tv_25_syll.pdf,https://www.qcaa.qld.edu.au/senior/senior-subjects/syllabuses/the-arts/film-television-new-media
"Film, Television & New Media",EA: extended analytical response to unseen stimulus using moving-image knowledge.,2025 v1.4,EA,Mise-en-scène and representation,setting; performance; lighting,film,,2026-10-06,https://www.qcaa.qld.edu.au/downloads/senior-qce/syllabuses/snr_film_tv_25_syll.pdf,https://www.qcaa.qld.edu.au/senior/senior-subjects/syllabuses/the-arts/film-television-new-media
"Film, Television & New Media",EA: extended analytical response to unseen stimulus using moving-image knowledge.,2025 v1.4,EA,Moving-image narrative and identity,structure; representation; audience,film,,2026-10-06,https://www.qcaa.qld.edu.au/downloads/senior-qce/syllabuses/snr_film_tv_25_syll.pdf,https://www.qcaa.qld.edu.au/senior/senior-subjects/syllabuses/the-arts/film-television-new-media
"Film, Television & New Media",EA: extended analytical response to unseen stimulus using moving-image knowledge.,2025 v1.4,EA,Evaluating technical and symbolic codes,evidence; meaning; viewpoint,film,,2026-10-06,https://www.qcaa.qld.edu.au/downloads/senior-qce/syllabuses/snr_film_tv_25_syll.pdf,https://www.qcaa.qld.edu.au/senior/senior-subjects/syllabuses/the-arts/film-television-new-media
Food & Nutrition,Unit 4: food solution development for nutrition consumer markets.,2025 v1.3,4,Infant and toddler consumer needs,nutrients; texture; food choices,concept,,2026-10-06,https://www.qcaa.qld.edu.au/downloads/senior-qce/syllabuses/snr_food_25_syll.pdf,https://www.qcaa.qld.edu.au/senior/senior-subjects/syllabuses/technologies/food-nutrition
Food & Nutrition,Unit 4: food solution development for nutrition consumer markets.,2025 v1.3,4,Adolescent and adult consumer needs,energy; nutrients; food choices,concept,,2026-10-06,https://www.qcaa.qld.edu.au/downloads/senior-qce/syllabuses/snr_food_25_syll.pdf,https://www.qcaa.qld.edu.au/senior/senior-subjects/syllabuses/technologies/food-nutrition
Food & Nutrition,Unit 4: food solution development for nutrition consumer markets.,2025 v1.3,4,Pregnant and elderly consumer needs,nutrients; food choices; constraints,concept,,2026-10-06,https://www.qcaa.qld.edu.au/downloads/senior-qce/syllabuses/snr_food_25_syll.pdf,https://www.qcaa.qld.edu.au/senior/senior-subjects/syllabuses/technologies/food-nutrition
Food & Nutrition,Unit 4: food solution development for nutrition consumer markets.,2025 v1.3,4,Vegetarian and vegan consumer needs,nutrients; substitutions; food choices,concept,,2026-10-06,https://www.qcaa.qld.edu.au/downloads/senior-qce/syllabuses/snr_food_25_syll.pdf,https://www.qcaa.qld.edu.au/senior/senior-subjects/syllabuses/technologies/food-nutrition
Food & Nutrition,Unit 4: food solution development for nutrition consumer markets.,2025 v1.3,4,Food allergy and intolerance markets,needs; ingredients; reformulation,concept,,2026-10-06,https://www.qcaa.qld.edu.au/downloads/senior-qce/syllabuses/snr_food_25_syll.pdf,https://www.qcaa.qld.edu.au/senior/senior-subjects/syllabuses/technologies/food-nutrition
Food & Nutrition,Unit 4: food solution development for nutrition consumer markets.,2025 v1.3,4,Diet-related disease consumer markets,needs; constraints; food choices,concept,,2026-10-06,https://www.qcaa.qld.edu.au/downloads/senior-qce/syllabuses/snr_food_25_syll.pdf,https://www.qcaa.qld.edu.au/senior/senior-subjects/syllabuses/technologies/food-nutrition
Food & Nutrition,Unit 4: food solution development for nutrition consumer markets.,2025 v1.3,4,Food formulation for consumer needs,ingredients; properties; nutrition,concept,,2026-10-06,https://www.qcaa.qld.edu.au/downloads/senior-qce/syllabuses/snr_food_25_syll.pdf,https://www.qcaa.qld.edu.au/senior/senior-subjects/syllabuses/technologies/food-nutrition
Food & Nutrition,Unit 4: food solution development for nutrition consumer markets.,2025 v1.3,4,Food solution success criteria,consumer; nutrition; function,concept,,2026-10-06,https://www.qcaa.qld.edu.au/downloads/senior-qce/syllabuses/snr_food_25_syll.pdf,https://www.qcaa.qld.edu.au/senior/senior-subjects/syllabuses/technologies/food-nutrition
Food & Nutrition,Unit 4: food solution development for nutrition consumer markets.,2025 v1.3,4,Evaluating and refining food solutions,data; criteria; recommendations,concept,,2026-10-06,https://www.qcaa.qld.edu.au/downloads/senior-qce/syllabuses/snr_food_25_syll.pdf,https://www.qcaa.qld.edu.au/senior/senior-subjects/syllabuses/technologies/food-nutrition
French,Unit 4: present experiences and future choices; comprehension and responses to written and audio/audiovisual texts.,2025 v1.3,4,School-leaving celebrations,experiences; culture; perspectives,language,,2026-10-06,https://www.qcaa.qld.edu.au/downloads/senior-qce/syllabuses/snr_french_25_syll.pdf,https://www.qcaa.qld.edu.au/senior/senior-subjects/syllabuses/languages/french
French,Unit 4: present experiences and future choices; comprehension and responses to written and audio/audiovisual texts.,2025 v1.3,4,Reflecting on school life,experiences; relationships; opinions,language,,2026-10-06,https://www.qcaa.qld.edu.au/downloads/senior-qce/syllabuses/snr_french_25_syll.pdf,https://www.qcaa.qld.edu.au/senior/senior-subjects/syllabuses/languages/french
French,Unit 4: present experiences and future choices; comprehension and responses to written and audio/audiovisual texts.,2025 v1.3,4,Post-school plans and aspirations,choices; reasons; possibilities,language,,2026-10-06,https://www.qcaa.qld.edu.au/downloads/senior-qce/syllabuses/snr_french_25_syll.pdf,https://www.qcaa.qld.edu.au/senior/senior-subjects/syllabuses/languages/french
French,Unit 4: present experiences and future choices; comprehension and responses to written and audio/audiovisual texts.,2025 v1.3,4,Employment and further study,opportunities; benefits; challenges,language,,2026-10-06,https://www.qcaa.qld.edu.au/downloads/senior-qce/syllabuses/snr_french_25_syll.pdf,https://www.qcaa.qld.edu.au/senior/senior-subjects/syllabuses/languages/french
French,Unit 4: present experiences and future choices; comprehension and responses to written and audio/audiovisual texts.,2025 v1.3,4,Benefits of a second language,employment; communication; culture,language,,2026-10-06,https://www.qcaa.qld.edu.au/downloads/senior-qce/syllabuses/snr_french_25_syll.pdf,https://www.qcaa.qld.edu.au/senior/senior-subjects/syllabuses/languages/french
French,Unit 4: present experiences and future choices; comprehension and responses to written and audio/audiovisual texts.,2025 v1.3,4,"Tone, purpose and audience in future-choice texts",evidence; inference; meaning,language,,2026-10-06,https://www.qcaa.qld.edu.au/downloads/senior-qce/syllabuses/snr_french_25_syll.pdf,https://www.qcaa.qld.edu.au/senior/senior-subjects/syllabuses/languages/french
French Extension,Units 3 and 4: analytical essay in the target language linking chosen stimulus to the Unit 4 independent investigation.,2026 v1.3,3–4,Ideas and perspectives about {option},ideas; values; perspectives,language-ext,Your Unit 4 investigation topic,2026-10-06,https://www.qcaa.qld.edu.au/downloads/senior-qce/syllabuses/snr_french_ext_25_syll.pdf,https://www.qcaa.qld.edu.au/senior/senior-subjects/syllabuses/languages/french-extension
French Extension,Units 3 and 4: analytical essay in the target language linking chosen stimulus to the Unit 4 independent investigation.,2026 v1.3,3–4,Language and textual conventions about {option},choices; audience; meaning,language-ext,Your Unit 4 investigation topic,2026-10-06,https://www.qcaa.qld.edu.au/downloads/senior-qce/syllabuses/snr_french_ext_25_syll.pdf,https://www.qcaa.qld.edu.au/senior/senior-subjects/syllabuses/languages/french-extension
French Extension,Units 3 and 4: analytical essay in the target language linking chosen stimulus to the Unit 4 independent investigation.,2026 v1.3,3–4,Linking stimulus to {option},connection; evidence; investigation,language-ext,Your Unit 4 investigation topic,2026-10-06,https://www.qcaa.qld.edu.au/downloads/senior-qce/syllabuses/snr_french_ext_25_syll.pdf,https://www.qcaa.qld.edu.au/senior/senior-subjects/syllabuses/languages/french-extension
French Extension,Units 3 and 4: analytical essay in the target language linking chosen stimulus to the Unit 4 independent investigation.,2026 v1.3,3–4,Constructing an argument about {option},claim; reasons; evidence,language-ext,Your Unit 4 investigation topic,2026-10-06,https://www.qcaa.qld.edu.au/downloads/senior-qce/syllabuses/snr_french_ext_25_syll.pdf,https://www.qcaa.qld.edu.au/senior/senior-subjects/syllabuses/languages/french-extension
French Extension,Units 3 and 4: analytical essay in the target language linking chosen stimulus to the Unit 4 independent investigation.,2026 v1.3,3–4,Evaluating competing views about {option},assumptions; evidence; judgment,language-ext,Your Unit 4 investigation topic,2026-10-06,https://www.qcaa.qld.edu.au/downloads/senior-qce/syllabuses/snr_french_ext_25_syll.pdf,https://www.qcaa.qld.edu.au/senior/senior-subjects/syllabuses/languages/french-extension
French Extension,Units 3 and 4: analytical essay in the target language linking chosen stimulus to the Unit 4 independent investigation.,2026 v1.3,3–4,Analytical essay conventions for {option},structure; register; cohesion,language-ext,Your Unit 4 investigation topic,2026-10-06,https://www.qcaa.qld.edu.au/downloads/senior-qce/syllabuses/snr_french_ext_25_syll.pdf,https://www.qcaa.qld.edu.au/senior/senior-subjects/syllabuses/languages/french-extension
General Mathematics,"Units 3 and 4, with assumed knowledge from Units 1 and 2.",2025 v1.3,3,Bivariate associations,scatterplots; correlation; causation,math,,2026-10-06,https://www.qcaa.qld.edu.au/downloads/senior-qce/syllabuses/snr_maths_general_25_syll.pdf,https://www.qcaa.qld.edu.au/senior/senior-subjects/syllabuses/mathematics/general-mathematics
General Mathematics,"Units 3 and 4, with assumed knowledge from Units 1 and 2.",2025 v1.3,3,Least-squares regression and residuals,model; prediction; fit,math,,2026-10-06,https://www.qcaa.qld.edu.au/downloads/senior-qce/syllabuses/snr_maths_general_25_syll.pdf,https://www.qcaa.qld.edu.au/senior/senior-subjects/syllabuses/mathematics/general-mathematics
General Mathematics,"Units 3 and 4, with assumed knowledge from Units 1 and 2.",2025 v1.3,3,Time series and seasonal indices,trend; smoothing; seasonality,math,,2026-10-06,https://www.qcaa.qld.edu.au/downloads/senior-qce/syllabuses/snr_maths_general_25_syll.pdf,https://www.qcaa.qld.edu.au/senior/senior-subjects/syllabuses/mathematics/general-mathematics
General Mathematics,"Units 3 and 4, with assumed knowledge from Units 1 and 2.",2025 v1.3,3,Arithmetic and geometric sequences,recursion; nth terms; models,math,,2026-10-06,https://www.qcaa.qld.edu.au/downloads/senior-qce/syllabuses/snr_maths_general_25_syll.pdf,https://www.qcaa.qld.edu.au/senior/senior-subjects/syllabuses/mathematics/general-mathematics
General Mathematics,"Units 3 and 4, with assumed knowledge from Units 1 and 2.",2025 v1.3,3,Earth geometry and time zones,coordinates; distances; time,math,,2026-10-06,https://www.qcaa.qld.edu.au/downloads/senior-qce/syllabuses/snr_maths_general_25_syll.pdf,https://www.qcaa.qld.edu.au/senior/senior-subjects/syllabuses/mathematics/general-mathematics
General Mathematics,"Units 3 and 4, with assumed knowledge from Units 1 and 2.",2025 v1.3,4,Compound-interest loans and investments,recurrence; balances; rates,math,,2026-10-06,https://www.qcaa.qld.edu.au/downloads/senior-qce/syllabuses/snr_maths_general_25_syll.pdf,https://www.qcaa.qld.edu.au/senior/senior-subjects/syllabuses/mathematics/general-mathematics
General Mathematics,"Units 3 and 4, with assumed knowledge from Units 1 and 2.",2025 v1.3,4,Annuities and perpetuities,present value; future value; payments,math,,2026-10-06,https://www.qcaa.qld.edu.au/downloads/senior-qce/syllabuses/snr_maths_general_25_syll.pdf,https://www.qcaa.qld.edu.au/senior/senior-subjects/syllabuses/mathematics/general-mathematics
General Mathematics,"Units 3 and 4, with assumed knowledge from Units 1 and 2.",2025 v1.3,4,Graphs and adjacency matrices,vertices; edges; representation,math,,2026-10-06,https://www.qcaa.qld.edu.au/downloads/senior-qce/syllabuses/snr_maths_general_25_syll.pdf,https://www.qcaa.qld.edu.au/senior/senior-subjects/syllabuses/mathematics/general-mathematics
General Mathematics,"Units 3 and 4, with assumed knowledge from Units 1 and 2.",2025 v1.3,4,Eulerian and Hamiltonian paths,conditions; routes; justification,math,,2026-10-06,https://www.qcaa.qld.edu.au/downloads/senior-qce/syllabuses/snr_maths_general_25_syll.pdf,https://www.qcaa.qld.edu.au/senior/senior-subjects/syllabuses/mathematics/general-mathematics
General Mathematics,"Units 3 and 4, with assumed knowledge from Units 1 and 2.",2025 v1.3,4,Minimum spanning trees,weights; algorithm; minimum cost,math,,2026-10-06,https://www.qcaa.qld.edu.au/downloads/senior-qce/syllabuses/snr_maths_general_25_syll.pdf,https://www.qcaa.qld.edu.au/senior/senior-subjects/syllabuses/mathematics/general-mathematics
General Mathematics,"Units 3 and 4, with assumed knowledge from Units 1 and 2.",2025 v1.3,4,Critical path analysis,start times; finish times; float,math,,2026-10-06,https://www.qcaa.qld.edu.au/downloads/senior-qce/syllabuses/snr_maths_general_25_syll.pdf,https://www.qcaa.qld.edu.au/senior/senior-subjects/syllabuses/mathematics/general-mathematics
General Mathematics,"Units 3 and 4, with assumed knowledge from Units 1 and 2.",2025 v1.3,4,Maximum flow and minimum cut,capacity; flow; cut,math,,2026-10-06,https://www.qcaa.qld.edu.au/downloads/senior-qce/syllabuses/snr_maths_general_25_syll.pdf,https://www.qcaa.qld.edu.au/senior/senior-subjects/syllabuses/mathematics/general-mathematics
General Mathematics,"Units 3 and 4, with assumed knowledge from Units 1 and 2.",2025 v1.3,4,Assignment problems,costs; allocations; optimal solution,math,,2026-10-06,https://www.qcaa.qld.edu.au/downloads/senior-qce/syllabuses/snr_maths_general_25_syll.pdf,https://www.qcaa.qld.edu.au/senior/senior-subjects/syllabuses/mathematics/general-mathematics
Geography,Unit 4 Topic 2: global population change.,2025 v1.3,4.2,Global population growth and distribution,growth rates; density; spatial patterns,concept,,2026-10-06,https://www.qcaa.qld.edu.au/downloads/senior-qce/syllabuses/snr_geography_25_syll.pdf,https://www.qcaa.qld.edu.au/senior/senior-subjects/syllabuses/humanities-social-sciences/geography
Geography,Unit 4 Topic 2: global population change.,2025 v1.3,4.2,Demographic transition model,stages; processes; limitations,diagram,,2026-10-06,https://www.qcaa.qld.edu.au/downloads/senior-qce/syllabuses/snr_geography_25_syll.pdf,https://www.qcaa.qld.edu.au/senior/senior-subjects/syllabuses/humanities-social-sciences/geography
Geography,Unit 4 Topic 2: global population change.,2025 v1.3,4.2,Population pyramids,age structure; sex structure; implications,diagram,,2026-10-06,https://www.qcaa.qld.edu.au/downloads/senior-qce/syllabuses/snr_geography_25_syll.pdf,https://www.qcaa.qld.edu.au/senior/senior-subjects/syllabuses/humanities-social-sciences/geography
Geography,Unit 4 Topic 2: global population change.,2025 v1.3,4.2,Internal and international migration,causes; forced and voluntary; patterns,compare,,2026-10-06,https://www.qcaa.qld.edu.au/downloads/senior-qce/syllabuses/snr_geography_25_syll.pdf,https://www.qcaa.qld.edu.au/senior/senior-subjects/syllabuses/humanities-social-sciences/geography
Geography,Unit 4 Topic 2: global population change.,2025 v1.3,4.2,Impacts on migration origin places,workforce; population structure; opportunities,concept,,2026-10-06,https://www.qcaa.qld.edu.au/downloads/senior-qce/syllabuses/snr_geography_25_syll.pdf,https://www.qcaa.qld.edu.au/senior/senior-subjects/syllabuses/humanities-social-sciences/geography
Geography,Unit 4 Topic 2: global population change.,2025 v1.3,4.2,Impacts on migration destinations,urbanisation; resources; diversity,concept,,2026-10-06,https://www.qcaa.qld.edu.au/downloads/senior-qce/syllabuses/snr_geography_25_syll.pdf,https://www.qcaa.qld.edu.au/senior/senior-subjects/syllabuses/humanities-social-sciences/geography
Geography,Unit 4 Topic 2: global population change.,2025 v1.3,4.2,Population-change responses,government; non-government; effectiveness,concept,,2026-10-06,https://www.qcaa.qld.edu.au/downloads/senior-qce/syllabuses/snr_geography_25_syll.pdf,https://www.qcaa.qld.edu.au/senior/senior-subjects/syllabuses/humanities-social-sciences/geography
Geography,Unit 4 Topic 2: global population change.,2025 v1.3,4.2,Population maps and graphs,patterns; trends; relationships,diagram,,2026-10-06,https://www.qcaa.qld.edu.au/downloads/senior-qce/syllabuses/snr_geography_25_syll.pdf,https://www.qcaa.qld.edu.au/senior/senior-subjects/syllabuses/humanities-social-sciences/geography
German,Unit 4: present experiences and future choices; comprehension and responses to written and audio/audiovisual texts.,2025 v1.3,4,School-leaving celebrations,experiences; culture; perspectives,language,,2026-10-06,https://www.qcaa.qld.edu.au/downloads/senior-qce/syllabuses/snr_german_25_syll.pdf,https://www.qcaa.qld.edu.au/senior/senior-subjects/syllabuses/languages/german
German,Unit 4: present experiences and future choices; comprehension and responses to written and audio/audiovisual texts.,2025 v1.3,4,Reflecting on school life,experiences; relationships; opinions,language,,2026-10-06,https://www.qcaa.qld.edu.au/downloads/senior-qce/syllabuses/snr_german_25_syll.pdf,https://www.qcaa.qld.edu.au/senior/senior-subjects/syllabuses/languages/german
German,Unit 4: present experiences and future choices; comprehension and responses to written and audio/audiovisual texts.,2025 v1.3,4,Post-school plans and aspirations,choices; reasons; possibilities,language,,2026-10-06,https://www.qcaa.qld.edu.au/downloads/senior-qce/syllabuses/snr_german_25_syll.pdf,https://www.qcaa.qld.edu.au/senior/senior-subjects/syllabuses/languages/german
German,Unit 4: present experiences and future choices; comprehension and responses to written and audio/audiovisual texts.,2025 v1.3,4,Employment and further study,opportunities; benefits; challenges,language,,2026-10-06,https://www.qcaa.qld.edu.au/downloads/senior-qce/syllabuses/snr_german_25_syll.pdf,https://www.qcaa.qld.edu.au/senior/senior-subjects/syllabuses/languages/german
German,Unit 4: present experiences and future choices; comprehension and responses to written and audio/audiovisual texts.,2025 v1.3,4,Benefits of a second language,employment; communication; culture,language,,2026-10-06,https://www.qcaa.qld.edu.au/downloads/senior-qce/syllabuses/snr_german_25_syll.pdf,https://www.qcaa.qld.edu.au/senior/senior-subjects/syllabuses/languages/german
German,Unit 4: present experiences and future choices; comprehension and responses to written and audio/audiovisual texts.,2025 v1.3,4,"Tone, purpose and audience in future-choice texts",evidence; inference; meaning,language,,2026-10-06,https://www.qcaa.qld.edu.au/downloads/senior-qce/syllabuses/snr_german_25_syll.pdf,https://www.qcaa.qld.edu.au/senior/senior-subjects/syllabuses/languages/german
German Extension,Units 3 and 4: analytical essay in the target language linking chosen stimulus to the Unit 4 independent investigation.,2026 v1.3,3–4,Ideas and perspectives about {option},ideas; values; perspectives,language-ext,Your Unit 4 investigation topic,2026-10-06,https://www.qcaa.qld.edu.au/downloads/senior-qce/syllabuses/snr_german_ext_26_syll.pdf,https://www.qcaa.qld.edu.au/senior/senior-subjects/syllabuses/languages/german-extension
German Extension,Units 3 and 4: analytical essay in the target language linking chosen stimulus to the Unit 4 independent investigation.,2026 v1.3,3–4,Language and textual conventions about {option},choices; audience; meaning,language-ext,Your Unit 4 investigation topic,2026-10-06,https://www.qcaa.qld.edu.au/downloads/senior-qce/syllabuses/snr_german_ext_26_syll.pdf,https://www.qcaa.qld.edu.au/senior/senior-subjects/syllabuses/languages/german-extension
German Extension,Units 3 and 4: analytical essay in the target language linking chosen stimulus to the Unit 4 independent investigation.,2026 v1.3,3–4,Linking stimulus to {option},connection; evidence; investigation,language-ext,Your Unit 4 investigation topic,2026-10-06,https://www.qcaa.qld.edu.au/downloads/senior-qce/syllabuses/snr_german_ext_26_syll.pdf,https://www.qcaa.qld.edu.au/senior/senior-subjects/syllabuses/languages/german-extension
German Extension,Units 3 and 4: analytical essay in the target language linking chosen stimulus to the Unit 4 independent investigation.,2026 v1.3,3–4,Constructing an argument about {option},claim; reasons; evidence,language-ext,Your Unit 4 investigation topic,2026-10-06,https://www.qcaa.qld.edu.au/downloads/senior-qce/syllabuses/snr_german_ext_26_syll.pdf,https://www.qcaa.qld.edu.au/senior/senior-subjects/syllabuses/languages/german-extension
German Extension,Units 3 and 4: analytical essay in the target language linking chosen stimulus to the Unit 4 independent investigation.,2026 v1.3,3–4,Evaluating competing views about {option},assumptions; evidence; judgment,language-ext,Your Unit 4 investigation topic,2026-10-06,https://www.qcaa.qld.edu.au/downloads/senior-qce/syllabuses/snr_german_ext_26_syll.pdf,https://www.qcaa.qld.edu.au/senior/senior-subjects/syllabuses/languages/german-extension
German Extension,Units 3 and 4: analytical essay in the target language linking chosen stimulus to the Unit 4 independent investigation.,2026 v1.3,3–4,Analytical essay conventions for {option},structure; register; cohesion,language-ext,Your Unit 4 investigation topic,2026-10-06,https://www.qcaa.qld.edu.au/downloads/senior-qce/syllabuses/snr_german_ext_26_syll.pdf,https://www.qcaa.qld.edu.au/senior/senior-subjects/syllabuses/languages/german-extension
Health,Unit 4: respectful relationships in the post-schooling transition.,2025 v1.3,4,Respectful relationships and health,resources; consent; health impacts,concept,,2026-10-06,https://www.qcaa.qld.edu.au/downloads/senior-qce/syllabuses/snr_health_25_syll.pdf,https://www.qcaa.qld.edu.au/senior/senior-subjects/syllabuses/health-physical-education/health
Health,Unit 4: respectful relationships in the post-schooling transition.,2025 v1.3,4,"Barriers, enablers and health determinants",personal; social; economic,concept,,2026-10-06,https://www.qcaa.qld.edu.au/downloads/senior-qce/syllabuses/snr_health_25_syll.pdf,https://www.qcaa.qld.edu.au/senior/senior-subjects/syllabuses/health-physical-education/health
Health,Unit 4: respectful relationships in the post-schooling transition.,2025 v1.3,4,Life course perspective,transitions; trajectories; turning points,concept,,2026-10-06,https://www.qcaa.qld.edu.au/downloads/senior-qce/syllabuses/snr_health_25_syll.pdf,https://www.qcaa.qld.edu.au/senior/senior-subjects/syllabuses/health-physical-education/health
Health,Unit 4: respectful relationships in the post-schooling transition.,2025 v1.3,4,Emerging adulthood and post-school transition,identity; instability; resources,concept,,2026-10-06,https://www.qcaa.qld.edu.au/downloads/senior-qce/syllabuses/snr_health_25_syll.pdf,https://www.qcaa.qld.edu.au/senior/senior-subjects/syllabuses/health-physical-education/health
Health,Unit 4: respectful relationships in the post-schooling transition.,2025 v1.3,4,Diffusion of innovations concepts,innovation; opinion leaders; champions,concept,,2026-10-06,https://www.qcaa.qld.edu.au/downloads/senior-qce/syllabuses/snr_health_25_syll.pdf,https://www.qcaa.qld.edu.au/senior/senior-subjects/syllabuses/health-physical-education/health
Health,Unit 4: respectful relationships in the post-schooling transition.,2025 v1.3,4,Diffusion stages and uptake factors,stages; attributes; adoption,concept,,2026-10-06,https://www.qcaa.qld.edu.au/downloads/senior-qce/syllabuses/snr_health_25_syll.pdf,https://www.qcaa.qld.edu.au/senior/senior-subjects/syllabuses/health-physical-education/health
Health,Unit 4: respectful relationships in the post-schooling transition.,2025 v1.3,4,Needs assessment and action strategy,data; need; strategy,concept,,2026-10-06,https://www.qcaa.qld.edu.au/downloads/senior-qce/syllabuses/snr_health_25_syll.pdf,https://www.qcaa.qld.edu.au/senior/senior-subjects/syllabuses/health-physical-education/health
Health,Unit 4: respectful relationships in the post-schooling transition.,2025 v1.3,4,RE-AIM evaluation,dimensions; impact; recommendations,concept,,2026-10-06,https://www.qcaa.qld.edu.au/downloads/senior-qce/syllabuses/snr_health_25_syll.pdf,https://www.qcaa.qld.edu.au/senior/senior-subjects/syllabuses/health-physical-education/health
Health,Unit 4: respectful relationships in the post-schooling transition.,2025 v1.3,4,Health inquiry and justified recommendations,analyse; critique; evaluate,concept,,2026-10-06,https://www.qcaa.qld.edu.au/downloads/senior-qce/syllabuses/snr_health_25_syll.pdf,https://www.qcaa.qld.edu.au/senior/senior-subjects/syllabuses/health-physical-education/health
Italian,Unit 4: present experiences and future choices; comprehension and responses to written and audio/audiovisual texts.,2025 v1.3,4,School-leaving celebrations,experiences; culture; perspectives,language,,2026-10-06,https://www.qcaa.qld.edu.au/downloads/senior-qce/syllabuses/snr_italian_25_syll.pdf,https://www.qcaa.qld.edu.au/senior/senior-subjects/syllabuses/languages/italian
Italian,Unit 4: present experiences and future choices; comprehension and responses to written and audio/audiovisual texts.,2025 v1.3,4,Reflecting on school life,experiences; relationships; opinions,language,,2026-10-06,https://www.qcaa.qld.edu.au/downloads/senior-qce/syllabuses/snr_italian_25_syll.pdf,https://www.qcaa.qld.edu.au/senior/senior-subjects/syllabuses/languages/italian
Italian,Unit 4: present experiences and future choices; comprehension and responses to written and audio/audiovisual texts.,2025 v1.3,4,Post-school plans and aspirations,choices; reasons; possibilities,language,,2026-10-06,https://www.qcaa.qld.edu.au/downloads/senior-qce/syllabuses/snr_italian_25_syll.pdf,https://www.qcaa.qld.edu.au/senior/senior-subjects/syllabuses/languages/italian
Italian,Unit 4: present experiences and future choices; comprehension and responses to written and audio/audiovisual texts.,2025 v1.3,4,Employment and further study,opportunities; benefits; challenges,language,,2026-10-06,https://www.qcaa.qld.edu.au/downloads/senior-qce/syllabuses/snr_italian_25_syll.pdf,https://www.qcaa.qld.edu.au/senior/senior-subjects/syllabuses/languages/italian
Italian,Unit 4: present experiences and future choices; comprehension and responses to written and audio/audiovisual texts.,2025 v1.3,4,Benefits of a second language,employment; communication; culture,language,,2026-10-06,https://www.qcaa.qld.edu.au/downloads/senior-qce/syllabuses/snr_italian_25_syll.pdf,https://www.qcaa.qld.edu.au/senior/senior-subjects/syllabuses/languages/italian
Italian,Unit 4: present experiences and future choices; comprehension and responses to written and audio/audiovisual texts.,2025 v1.3,4,"Tone, purpose and audience in future-choice texts",evidence; inference; meaning,language,,2026-10-06,https://www.qcaa.qld.edu.au/downloads/senior-qce/syllabuses/snr_italian_25_syll.pdf,https://www.qcaa.qld.edu.au/senior/senior-subjects/syllabuses/languages/italian
Japanese,Unit 4: present experiences and future choices; comprehension and responses to written and audio/audiovisual texts.,2025 v1.3,4,School-leaving celebrations,experiences; culture; perspectives,language,,2026-10-06,https://www.qcaa.qld.edu.au/downloads/senior-qce/syllabuses/snr_japanese_25_syll.pdf,https://www.qcaa.qld.edu.au/senior/senior-subjects/syllabuses/languages/japanese
Japanese,Unit 4: present experiences and future choices; comprehension and responses to written and audio/audiovisual texts.,2025 v1.3,4,Reflecting on school life,experiences; relationships; opinions,language,,2026-10-06,https://www.qcaa.qld.edu.au/downloads/senior-qce/syllabuses/snr_japanese_25_syll.pdf,https://www.qcaa.qld.edu.au/senior/senior-subjects/syllabuses/languages/japanese
Japanese,Unit 4: present experiences and future choices; comprehension and responses to written and audio/audiovisual texts.,2025 v1.3,4,Post-school plans and aspirations,choices; reasons; possibilities,language,,2026-10-06,https://www.qcaa.qld.edu.au/downloads/senior-qce/syllabuses/snr_japanese_25_syll.pdf,https://www.qcaa.qld.edu.au/senior/senior-subjects/syllabuses/languages/japanese
Japanese,Unit 4: present experiences and future choices; comprehension and responses to written and audio/audiovisual texts.,2025 v1.3,4,Employment and further study,opportunities; benefits; challenges,language,,2026-10-06,https://www.qcaa.qld.edu.au/downloads/senior-qce/syllabuses/snr_japanese_25_syll.pdf,https://www.qcaa.qld.edu.au/senior/senior-subjects/syllabuses/languages/japanese
Japanese,Unit 4: present experiences and future choices; comprehension and responses to written and audio/audiovisual texts.,2025 v1.3,4,Benefits of a second language,employment; communication; culture,language,,2026-10-06,https://www.qcaa.qld.edu.au/downloads/senior-qce/syllabuses/snr_japanese_25_syll.pdf,https://www.qcaa.qld.edu.au/senior/senior-subjects/syllabuses/languages/japanese
Japanese,Unit 4: present experiences and future choices; comprehension and responses to written and audio/audiovisual texts.,2025 v1.3,4,"Tone, purpose and audience in future-choice texts",evidence; inference; meaning,language,,2026-10-06,https://www.qcaa.qld.edu.au/downloads/senior-qce/syllabuses/snr_japanese_25_syll.pdf,https://www.qcaa.qld.edu.au/senior/senior-subjects/syllabuses/languages/japanese
Legal Studies,Unit 4 Topics 1 and 3: human rights; human rights in Australian contexts.,2025 v1.3,4.1,International treaties,purpose; ratification; domestic implementation,concept,,2026-10-06,https://www.qcaa.qld.edu.au/downloads/senior-qce/syllabuses/snr_legal_25_syll.pdf,https://www.qcaa.qld.edu.au/senior/senior-subjects/syllabuses/humanities-social-sciences/legal-studies
Legal Studies,Unit 4 Topics 1 and 3: human rights; human rights in Australian contexts.,2025 v1.3,4.1,Human rights terminology,sovereignty; bilateral and multilateral; conventions and covenants,concept,,2026-10-06,https://www.qcaa.qld.edu.au/downloads/senior-qce/syllabuses/snr_legal_25_syll.pdf,https://www.qcaa.qld.edu.au/senior/senior-subjects/syllabuses/humanities-social-sciences/legal-studies
Legal Studies,Unit 4 Topics 1 and 3: human rights; human rights in Australian contexts.,2025 v1.3,4.1,"UDHR, ICCPR and ICESCR",status; protected rights; relationships between instruments,compare,,2026-10-06,https://www.qcaa.qld.edu.au/downloads/senior-qce/syllabuses/snr_legal_25_syll.pdf,https://www.qcaa.qld.edu.au/senior/senior-subjects/syllabuses/humanities-social-sciences/legal-studies
Legal Studies,Unit 4 Topics 1 and 3: human rights; human rights in Australian contexts.,2025 v1.3,4.1,Refugee Convention and Protocol,purpose; protected people; key principles,concept,,2026-10-06,https://www.qcaa.qld.edu.au/downloads/senior-qce/syllabuses/snr_legal_25_syll.pdf,https://www.qcaa.qld.edu.au/senior/senior-subjects/syllabuses/humanities-social-sciences/legal-studies
Legal Studies,Unit 4 Topics 1 and 3: human rights; human rights in Australian contexts.,2025 v1.3,4.1,ICERD and racial discrimination,purpose; protected rights; Australian response,concept,,2026-10-06,https://www.qcaa.qld.edu.au/downloads/senior-qce/syllabuses/snr_legal_25_syll.pdf,https://www.qcaa.qld.edu.au/senior/senior-subjects/syllabuses/humanities-social-sciences/legal-studies
Legal Studies,Unit 4 Topics 1 and 3: human rights; human rights in Australian contexts.,2025 v1.3,4.1,CEDAW and women's rights,purpose; protected rights; Australian response,concept,,2026-10-06,https://www.qcaa.qld.edu.au/downloads/senior-qce/syllabuses/snr_legal_25_syll.pdf,https://www.qcaa.qld.edu.au/senior/senior-subjects/syllabuses/humanities-social-sciences/legal-studies
Legal Studies,Unit 4 Topics 1 and 3: human rights; human rights in Australian contexts.,2025 v1.3,4.1,CRPD and disability rights,purpose; protected rights; Australian response,concept,,2026-10-06,https://www.qcaa.qld.edu.au/downloads/senior-qce/syllabuses/snr_legal_25_syll.pdf,https://www.qcaa.qld.edu.au/senior/senior-subjects/syllabuses/humanities-social-sciences/legal-studies
Legal Studies,Unit 4 Topics 1 and 3: human rights; human rights in Australian contexts.,2025 v1.3,4.1,Convention against Torture,purpose; protected rights; key principles,concept,,2026-10-06,https://www.qcaa.qld.edu.au/downloads/senior-qce/syllabuses/snr_legal_25_syll.pdf,https://www.qcaa.qld.edu.au/senior/senior-subjects/syllabuses/humanities-social-sciences/legal-studies
Legal Studies,Unit 4 Topics 1 and 3: human rights; human rights in Australian contexts.,2025 v1.3,4.1,Convention on the Rights of the Child,purpose; protected rights; key principles,concept,,2026-10-06,https://www.qcaa.qld.edu.au/downloads/senior-qce/syllabuses/snr_legal_25_syll.pdf,https://www.qcaa.qld.edu.au/senior/senior-subjects/syllabuses/humanities-social-sciences/legal-studies
Legal Studies,Unit 4 Topics 1 and 3: human rights; human rights in Australian contexts.,2025 v1.3,4.1,"Ratification, accession and reservations",differences; domestic legislation; parliamentary scrutiny,concept,,2026-10-06,https://www.qcaa.qld.edu.au/downloads/senior-qce/syllabuses/snr_legal_25_syll.pdf,https://www.qcaa.qld.edu.au/senior/senior-subjects/syllabuses/humanities-social-sciences/legal-studies
Legal Studies,Unit 4 Topics 1 and 3: human rights; human rights in Australian contexts.,2025 v1.3,4.1,State sovereignty and the UN Charter,equality; political independence; territorial integrity,concept,,2026-10-06,https://www.qcaa.qld.edu.au/downloads/senior-qce/syllabuses/snr_legal_25_syll.pdf,https://www.qcaa.qld.edu.au/senior/senior-subjects/syllabuses/humanities-social-sciences/legal-studies
Legal Studies,Unit 4 Topics 1 and 3: human rights; human rights in Australian contexts.,2025 v1.3,4.1,UN and UNHCR roles,functions; human rights protection; limitations,concept,,2026-10-06,https://www.qcaa.qld.edu.au/downloads/senior-qce/syllabuses/snr_legal_25_syll.pdf,https://www.qcaa.qld.edu.au/senior/senior-subjects/syllabuses/humanities-social-sciences/legal-studies
Legal Studies,Unit 4 Topics 1 and 3: human rights; human rights in Australian contexts.,2025 v1.3,4.1,Magna Carta and the development of rights,historical contribution; key principles; limits,concept,,2026-10-06,https://www.qcaa.qld.edu.au/downloads/senior-qce/syllabuses/snr_legal_25_syll.pdf,https://www.qcaa.qld.edu.au/senior/senior-subjects/syllabuses/humanities-social-sciences/legal-studies
Legal Studies,Unit 4 Topics 1 and 3: human rights; human rights in Australian contexts.,2025 v1.3,4.1,Australian anti-discrimination legislation,racial; sex and disability; age discrimination,concept,,2026-10-06,https://www.qcaa.qld.edu.au/downloads/senior-qce/syllabuses/snr_legal_25_syll.pdf,https://www.qcaa.qld.edu.au/senior/senior-subjects/syllabuses/humanities-social-sciences/legal-studies
Legal Studies,Unit 4 Topics 1 and 3: human rights; human rights in Australian contexts.,2025 v1.3,4.1,Constitutional protection of rights,express rights; implied rights; external affairs power,concept,,2026-10-06,https://www.qcaa.qld.edu.au/downloads/senior-qce/syllabuses/snr_legal_25_syll.pdf,https://www.qcaa.qld.edu.au/senior/senior-subjects/syllabuses/humanities-social-sciences/legal-studies
Legal Studies,Unit 4 Topics 1 and 3: human rights; human rights in Australian contexts.,2025 v1.3,4.3,"Speech, protest and assembly in Australia",legal protections; limits; competing interests,concept,,2026-10-06,https://www.qcaa.qld.edu.au/downloads/senior-qce/syllabuses/snr_legal_25_syll.pdf,https://www.qcaa.qld.edu.au/senior/senior-subjects/syllabuses/humanities-social-sciences/legal-studies
Legal Studies,Unit 4 Topics 1 and 3: human rights; human rights in Australian contexts.,2025 v1.3,4.3,Equality and rights in criminal and civil contexts,religion; representation; trial by jury,concept,,2026-10-06,https://www.qcaa.qld.edu.au/downloads/senior-qce/syllabuses/snr_legal_25_syll.pdf,https://www.qcaa.qld.edu.au/senior/senior-subjects/syllabuses/humanities-social-sciences/legal-studies
Legal Studies,Unit 4 Topics 1 and 3: human rights; human rights in Australian contexts.,2025 v1.3,4.3,Resolving human rights complaints,appropriate authority; complaint steps; possible outcomes,concept,,2026-10-06,https://www.qcaa.qld.edu.au/downloads/senior-qce/syllabuses/snr_legal_25_syll.pdf,https://www.qcaa.qld.edu.au/senior/senior-subjects/syllabuses/humanities-social-sciences/legal-studies
Legal Studies,Unit 4 Topics 1 and 3: human rights; human rights in Australian contexts.,2025 v1.3,4.3,Australian Human Rights Commission,functions; complaints; limitations,concept,,2026-10-06,https://www.qcaa.qld.edu.au/downloads/senior-qce/syllabuses/snr_legal_25_syll.pdf,https://www.qcaa.qld.edu.au/senior/senior-subjects/syllabuses/humanities-social-sciences/legal-studies
Legal Studies,Unit 4 Topics 1 and 3: human rights; human rights in Australian contexts.,2025 v1.3,4.3,Courts and law reform bodies,rights protection; law reform; limitations,concept,,2026-10-06,https://www.qcaa.qld.edu.au/downloads/senior-qce/syllabuses/snr_legal_25_syll.pdf,https://www.qcaa.qld.edu.au/senior/senior-subjects/syllabuses/humanities-social-sciences/legal-studies
Legal Studies,Unit 4 Topics 1 and 3: human rights; human rights in Australian contexts.,2025 v1.3,4.3,Rights advocacy groups and the media,methods; influence; limitations,concept,,2026-10-06,https://www.qcaa.qld.edu.au/downloads/senior-qce/syllabuses/snr_legal_25_syll.pdf,https://www.qcaa.qld.edu.au/senior/senior-subjects/syllabuses/humanities-social-sciences/legal-studies
Legal Studies,Unit 4 Topics 1 and 3: human rights; human rights in Australian contexts.,2025 v1.3,4.3,Analysing an Australian human rights issue,nature and scope; viewpoints; consequences,legal-analysis,,2026-10-06,https://www.qcaa.qld.edu.au/downloads/senior-qce/syllabuses/snr_legal_25_syll.pdf,https://www.qcaa.qld.edu.au/senior/senior-subjects/syllabuses/humanities-social-sciences/legal-studies
Legal Studies,Unit 4 Topics 1 and 3: human rights; human rights in Australian contexts.,2025 v1.3,4.3,Evaluating human rights reform,alternatives; legal criteria; recommendation and implications,legal-analysis,,2026-10-06,https://www.qcaa.qld.edu.au/downloads/senior-qce/syllabuses/snr_legal_25_syll.pdf,https://www.qcaa.qld.edu.au/senior/senior-subjects/syllabuses/humanities-social-sciences/legal-studies
Literature,Unit 4: analytical response to the school-selected EA literary text.,2025 v1.3,4,Representations of people in {option},characterisation; relationships; reader positioning,english,Your school-selected EA text,2026-10-06,https://www.qcaa.qld.edu.au/downloads/senior-qce/syllabuses/snr_literature_25_syll.pdf,https://www.qcaa.qld.edu.au/senior/senior-subjects/syllabuses/english/literature
Literature,Unit 4: analytical response to the school-selected EA literary text.,2025 v1.3,4,Representations of places in {option},setting; imagery; significance,english,Your school-selected EA text,2026-10-06,https://www.qcaa.qld.edu.au/downloads/senior-qce/syllabuses/snr_literature_25_syll.pdf,https://www.qcaa.qld.edu.au/senior/senior-subjects/syllabuses/english/literature
Literature,Unit 4: analytical response to the school-selected EA literary text.,2025 v1.3,4,Representations of concepts in {option},central idea; textual choices; interpretation,english,Your school-selected EA text,2026-10-06,https://www.qcaa.qld.edu.au/downloads/senior-qce/syllabuses/snr_literature_25_syll.pdf,https://www.qcaa.qld.edu.au/senior/senior-subjects/syllabuses/english/literature
Literature,Unit 4: analytical response to the school-selected EA literary text.,2025 v1.3,4,Cultural assumptions and values in {option},beliefs; attitudes; reader positioning,english,Your school-selected EA text,2026-10-06,https://www.qcaa.qld.edu.au/downloads/senior-qce/syllabuses/snr_literature_25_syll.pdf,https://www.qcaa.qld.edu.au/senior/senior-subjects/syllabuses/english/literature
Literature,Unit 4: analytical response to the school-selected EA literary text.,2025 v1.3,4,Language choices in {option},specific feature; evidence; effect,english,Your school-selected EA text,2026-10-06,https://www.qcaa.qld.edu.au/downloads/senior-qce/syllabuses/snr_literature_25_syll.pdf,https://www.qcaa.qld.edu.au/senior/senior-subjects/syllabuses/english/literature
Literature,Unit 4: analytical response to the school-selected EA literary text.,2025 v1.3,4,Structure and development in {option},sequence; contrast; meaning,english,Your school-selected EA text,2026-10-06,https://www.qcaa.qld.edu.au/downloads/senior-qce/syllabuses/snr_literature_25_syll.pdf,https://www.qcaa.qld.edu.au/senior/senior-subjects/syllabuses/english/literature
Literature,Unit 4: analytical response to the school-selected EA literary text.,2025 v1.3,4,Evidence supporting an argument about {option},accurate quotation; context; analysis,english,Your school-selected EA text,2026-10-06,https://www.qcaa.qld.edu.au/downloads/senior-qce/syllabuses/snr_literature_25_syll.pdf,https://www.qcaa.qld.edu.au/senior/senior-subjects/syllabuses/english/literature
Literature,Unit 4: analytical response to the school-selected EA literary text.,2025 v1.3,4,Responding to an unseen question on {option},thesis; argument; relevant evidence,english,Your school-selected EA text,2026-10-06,https://www.qcaa.qld.edu.au/downloads/senior-qce/syllabuses/snr_literature_25_syll.pdf,https://www.qcaa.qld.edu.au/senior/senior-subjects/syllabuses/english/literature
Marine Science,Units 3 and 4: reef systems and change; ocean issues and fisheries.,2025 v1.3,3,Reef connectivity and marine systems,interactions; processes; change,concept,,2026-10-06,https://www.qcaa.qld.edu.au/downloads/senior-qce/syllabuses/snr_marine_science_25_syll.pdf,https://www.qcaa.qld.edu.au/senior/senior-subjects/syllabuses/sciences/marine-science
Marine Science,Units 3 and 4: reef systems and change; ocean issues and fisheries.,2025 v1.3,3,Coral reefs and ecosystem relationships,organisms; conditions; connections,concept,,2026-10-06,https://www.qcaa.qld.edu.au/downloads/senior-qce/syllabuses/snr_marine_science_25_syll.pdf,https://www.qcaa.qld.edu.au/senior/senior-subjects/syllabuses/sciences/marine-science
Marine Science,Units 3 and 4: reef systems and change; ocean issues and fisheries.,2025 v1.3,3,Ocean acidification,carbon dioxide; carbonate chemistry; effects,concept,,2026-10-06,https://www.qcaa.qld.edu.au/downloads/senior-qce/syllabuses/snr_marine_science_25_syll.pdf,https://www.qcaa.qld.edu.au/senior/senior-subjects/syllabuses/sciences/marine-science
Marine Science,Units 3 and 4: reef systems and change; ocean issues and fisheries.,2025 v1.3,3,Coral bleaching and resilience,stress; responses; consequences,concept,,2026-10-06,https://www.qcaa.qld.edu.au/downloads/senior-qce/syllabuses/snr_marine_science_25_syll.pdf,https://www.qcaa.qld.edu.au/senior/senior-subjects/syllabuses/sciences/marine-science
Marine Science,Units 3 and 4: reef systems and change; ocean issues and fisheries.,2025 v1.3,4,Marine protected areas,design; connectivity; effectiveness,concept,,2026-10-06,https://www.qcaa.qld.edu.au/downloads/senior-qce/syllabuses/snr_marine_science_25_syll.pdf,https://www.qcaa.qld.edu.au/senior/senior-subjects/syllabuses/sciences/marine-science
Marine Science,Units 3 and 4: reef systems and change; ocean issues and fisheries.,2025 v1.3,4,Ocean warming and climate interactions,temperature; circulation; ecosystem effects,concept,,2026-10-06,https://www.qcaa.qld.edu.au/downloads/senior-qce/syllabuses/snr_marine_science_25_syll.pdf,https://www.qcaa.qld.edu.au/senior/senior-subjects/syllabuses/sciences/marine-science
Marine Science,Units 3 and 4: reef systems and change; ocean issues and fisheries.,2025 v1.3,4,Fish population distribution and decline,conditions; overfishing; habitat,concept,,2026-10-06,https://www.qcaa.qld.edu.au/downloads/senior-qce/syllabuses/snr_marine_science_25_syll.pdf,https://www.qcaa.qld.edu.au/senior/senior-subjects/syllabuses/sciences/marine-science
Marine Science,Units 3 and 4: reef systems and change; ocean issues and fisheries.,2025 v1.3,4,Bioaccumulation and biomagnification,food webs; pollutants; effects,concept,,2026-10-06,https://www.qcaa.qld.edu.au/downloads/senior-qce/syllabuses/snr_marine_science_25_syll.pdf,https://www.qcaa.qld.edu.au/senior/senior-subjects/syllabuses/sciences/marine-science
Marine Science,Units 3 and 4: reef systems and change; ocean issues and fisheries.,2025 v1.3,4,Fishery sampling and population estimates,methods; uncertainty; reliability,concept,,2026-10-06,https://www.qcaa.qld.edu.au/downloads/senior-qce/syllabuses/snr_marine_science_25_syll.pdf,https://www.qcaa.qld.edu.au/senior/senior-subjects/syllabuses/sciences/marine-science
Marine Science,Units 3 and 4: reef systems and change; ocean issues and fisheries.,2025 v1.3,4,Sustainable and economic fisheries yields,models; trade-offs; management,concept,,2026-10-06,https://www.qcaa.qld.edu.au/downloads/senior-qce/syllabuses/snr_marine_science_25_syll.pdf,https://www.qcaa.qld.edu.au/senior/senior-subjects/syllabuses/sciences/marine-science
Marine Science,Units 3 and 4: reef systems and change; ocean issues and fisheries.,2025 v1.3,4,Fisheries governance and monitoring,agreements; management; evidence,concept,,2026-10-06,https://www.qcaa.qld.edu.au/downloads/senior-qce/syllabuses/snr_marine_science_25_syll.pdf,https://www.qcaa.qld.edu.au/senior/senior-subjects/syllabuses/sciences/marine-science
Mathematical Methods,"Units 3 and 4, with assumed knowledge from Units 1 and 2.",2025 v1.3,3,Differentiating exponential and logarithmic functions,rules; domain; applications,math,,2026-10-06,https://www.qcaa.qld.edu.au/downloads/senior-qce/syllabuses/snr_maths_methods_25_syll.pdf,https://www.qcaa.qld.edu.au/senior/senior-subjects/syllabuses/mathematics/mathematical-methods
Mathematical Methods,"Units 3 and 4, with assumed knowledge from Units 1 and 2.",2025 v1.3,3,Trigonometric derivatives and differentiation rules,chain; product; quotient,math,,2026-10-06,https://www.qcaa.qld.edu.au/downloads/senior-qce/syllabuses/snr_maths_methods_25_syll.pdf,https://www.qcaa.qld.edu.au/senior/senior-subjects/syllabuses/mathematics/mathematical-methods
Mathematical Methods,"Units 3 and 4, with assumed knowledge from Units 1 and 2.",2025 v1.3,3,Second derivatives and curve sketching,concavity; stationary points; inflection,math,,2026-10-06,https://www.qcaa.qld.edu.au/downloads/senior-qce/syllabuses/snr_maths_methods_25_syll.pdf,https://www.qcaa.qld.edu.au/senior/senior-subjects/syllabuses/mathematics/mathematical-methods
Mathematical Methods,"Units 3 and 4, with assumed knowledge from Units 1 and 2.",2025 v1.3,3,Optimisation and motion,model; derivatives; interpretation,math,,2026-10-06,https://www.qcaa.qld.edu.au/downloads/senior-qce/syllabuses/snr_maths_methods_25_syll.pdf,https://www.qcaa.qld.edu.au/senior/senior-subjects/syllabuses/mathematics/mathematical-methods
Mathematical Methods,"Units 3 and 4, with assumed knowledge from Units 1 and 2.",2025 v1.3,3,Antiderivatives and initial conditions,integration; constants; functions,math,,2026-10-06,https://www.qcaa.qld.edu.au/downloads/senior-qce/syllabuses/snr_maths_methods_25_syll.pdf,https://www.qcaa.qld.edu.au/senior/senior-subjects/syllabuses/mathematics/mathematical-methods
Mathematical Methods,"Units 3 and 4, with assumed knowledge from Units 1 and 2.",2025 v1.3,3,Discrete and binomial distributions,probabilities; mean; variance,math,,2026-10-06,https://www.qcaa.qld.edu.au/downloads/senior-qce/syllabuses/snr_maths_methods_25_syll.pdf,https://www.qcaa.qld.edu.au/senior/senior-subjects/syllabuses/mathematics/mathematical-methods
Mathematical Methods,"Units 3 and 4, with assumed knowledge from Units 1 and 2.",2025 v1.3,4,Definite integrals and area,bounds; theorem; interpretation,math,,2026-10-06,https://www.qcaa.qld.edu.au/downloads/senior-qce/syllabuses/snr_maths_methods_25_syll.pdf,https://www.qcaa.qld.edu.au/senior/senior-subjects/syllabuses/mathematics/mathematical-methods
Mathematical Methods,"Units 3 and 4, with assumed knowledge from Units 1 and 2.",2025 v1.3,4,Sine and cosine rules,triangles; ambiguous case; area,math,,2026-10-06,https://www.qcaa.qld.edu.au/downloads/senior-qce/syllabuses/snr_maths_methods_25_syll.pdf,https://www.qcaa.qld.edu.au/senior/senior-subjects/syllabuses/mathematics/mathematical-methods
Mathematical Methods,"Units 3 and 4, with assumed knowledge from Units 1 and 2.",2025 v1.3,4,Continuous random variables,density; probabilities; integrals,math,,2026-10-06,https://www.qcaa.qld.edu.au/downloads/senior-qce/syllabuses/snr_maths_methods_25_syll.pdf,https://www.qcaa.qld.edu.au/senior/senior-subjects/syllabuses/mathematics/mathematical-methods
Mathematical Methods,"Units 3 and 4, with assumed knowledge from Units 1 and 2.",2025 v1.3,4,Normal distributions,standardisation; probabilities; parameters,math,,2026-10-06,https://www.qcaa.qld.edu.au/downloads/senior-qce/syllabuses/snr_maths_methods_25_syll.pdf,https://www.qcaa.qld.edu.au/senior/senior-subjects/syllabuses/mathematics/mathematical-methods
Mathematical Methods,"Units 3 and 4, with assumed knowledge from Units 1 and 2.",2025 v1.3,4,Sampling and sample proportions,randomness; variation; distribution,math,,2026-10-06,https://www.qcaa.qld.edu.au/downloads/senior-qce/syllabuses/snr_maths_methods_25_syll.pdf,https://www.qcaa.qld.edu.au/senior/senior-subjects/syllabuses/mathematics/mathematical-methods
Mathematical Methods,"Units 3 and 4, with assumed knowledge from Units 1 and 2.",2025 v1.3,4,Confidence intervals for proportions,estimate; interval; interpretation,math,,2026-10-06,https://www.qcaa.qld.edu.au/downloads/senior-qce/syllabuses/snr_maths_methods_25_syll.pdf,https://www.qcaa.qld.edu.au/senior/senior-subjects/syllabuses/mathematics/mathematical-methods
Modern History,Selected Unit 4 topic and aspect; short responses using historical sources.,2025 v1.4,4,Chronology of {option},turning points; sequence; significance,timeline,Your school-selected EA topic,2026-10-06,https://www.qcaa.qld.edu.au/downloads/senior-qce/syllabuses/snr_modern_history_25_syll.pdf,https://www.qcaa.qld.edu.au/senior/senior-subjects/syllabuses/humanities-social-sciences/modern-history
Modern History,Selected Unit 4 topic and aspect; short responses using historical sources.,2025 v1.4,4,Causes and consequences in {option},short-term; long-term; connections,history,Your school-selected EA topic,2026-10-06,https://www.qcaa.qld.edu.au/downloads/senior-qce/syllabuses/snr_modern_history_25_syll.pdf,https://www.qcaa.qld.edu.au/senior/senior-subjects/syllabuses/humanities-social-sciences/modern-history
Modern History,Selected Unit 4 topic and aspect; short responses using historical sources.,2025 v1.4,4,Historical perspectives on {option},context; position; influence,history,Your school-selected EA topic,2026-10-06,https://www.qcaa.qld.edu.au/downloads/senior-qce/syllabuses/snr_modern_history_25_syll.pdf,https://www.qcaa.qld.edu.au/senior/senior-subjects/syllabuses/humanities-social-sciences/modern-history
Modern History,Selected Unit 4 topic and aspect; short responses using historical sources.,2025 v1.4,4,Source usefulness and reliability for {option},provenance; purpose; corroboration,history,Your school-selected EA topic,2026-10-06,https://www.qcaa.qld.edu.au/downloads/senior-qce/syllabuses/snr_modern_history_25_syll.pdf,https://www.qcaa.qld.edu.au/senior/senior-subjects/syllabuses/humanities-social-sciences/modern-history
Modern History,Selected Unit 4 topic and aspect; short responses using historical sources.,2025 v1.4,4,Corroborating evidence about {option},agreement; contradiction; limitations,history,Your school-selected EA topic,2026-10-06,https://www.qcaa.qld.edu.au/downloads/senior-qce/syllabuses/snr_modern_history_25_syll.pdf,https://www.qcaa.qld.edu.au/senior/senior-subjects/syllabuses/humanities-social-sciences/modern-history
Modern History,Selected Unit 4 topic and aspect; short responses using historical sources.,2025 v1.4,4,Continuity and change in {option},change; continuity; significance,history,Your school-selected EA topic,2026-10-06,https://www.qcaa.qld.edu.au/downloads/senior-qce/syllabuses/snr_modern_history_25_syll.pdf,https://www.qcaa.qld.edu.au/senior/senior-subjects/syllabuses/humanities-social-sciences/modern-history
Modern History,Selected Unit 4 topic and aspect; short responses using historical sources.,2025 v1.4,4,Historical arguments about {option},claim; source evidence; reasoning,history,Your school-selected EA topic,2026-10-06,https://www.qcaa.qld.edu.au/downloads/senior-qce/syllabuses/snr_modern_history_25_syll.pdf,https://www.qcaa.qld.edu.au/senior/senior-subjects/syllabuses/humanities-social-sciences/modern-history
Modern History,Selected Unit 4 topic and aspect; short responses using historical sources.,2025 v1.4,4,Origins of Cold War tensions,ideology; postwar interests; relations,history,"Cold War and its aftermath, 1945–2014",2026-10-06,https://www.qcaa.qld.edu.au/downloads/senior-qce/syllabuses/snr_modern_history_25_syll.pdf,https://www.qcaa.qld.edu.au/senior/senior-subjects/syllabuses/humanities-social-sciences/modern-history
Modern History,Selected Unit 4 topic and aspect; short responses using historical sources.,2025 v1.4,4,Cold War crises and confrontation,context; decisions; consequences,history,"Cold War and its aftermath, 1945–2014",2026-10-06,https://www.qcaa.qld.edu.au/downloads/senior-qce/syllabuses/snr_modern_history_25_syll.pdf,https://www.qcaa.qld.edu.au/senior/senior-subjects/syllabuses/humanities-social-sciences/modern-history
Modern History,Selected Unit 4 topic and aspect; short responses using historical sources.,2025 v1.4,4,Cold War cooperation and its aftermath,change; turning points; significance,history,"Cold War and its aftermath, 1945–2014",2026-10-06,https://www.qcaa.qld.edu.au/downloads/senior-qce/syllabuses/snr_modern_history_25_syll.pdf,https://www.qcaa.qld.edu.au/senior/senior-subjects/syllabuses/humanities-social-sciences/modern-history
Modern History,Selected Unit 4 topic and aspect; short responses using historical sources.,2025 v1.4,4,Drivers of mass migration,economic; political; social,history,Mass migrations since 1848,2026-10-06,https://www.qcaa.qld.edu.au/downloads/senior-qce/syllabuses/snr_modern_history_25_syll.pdf,https://www.qcaa.qld.edu.au/senior/senior-subjects/syllabuses/humanities-social-sciences/modern-history
Modern History,Selected Unit 4 topic and aspect; short responses using historical sources.,2025 v1.4,4,Experiences and impacts of mass migration,migrants; origin places; destinations,history,Mass migrations since 1848,2026-10-06,https://www.qcaa.qld.edu.au/downloads/senior-qce/syllabuses/snr_modern_history_25_syll.pdf,https://www.qcaa.qld.edu.au/senior/senior-subjects/syllabuses/humanities-social-sciences/modern-history
Music,"EA: analytical essay about unseen music, using music elements, concepts and compositional devices.",2025 v1.3,EA,Melody and pitch,contour; range; motifs,music,,2026-10-06,https://www.qcaa.qld.edu.au/downloads/senior-qce/syllabuses/snr_music_25_syll.pdf,https://www.qcaa.qld.edu.au/senior/senior-subjects/syllabuses/the-arts/music
Music,"EA: analytical essay about unseen music, using music elements, concepts and compositional devices.",2025 v1.3,EA,Rhythm and metre,patterns; duration; emphasis,music,,2026-10-06,https://www.qcaa.qld.edu.au/downloads/senior-qce/syllabuses/snr_music_25_syll.pdf,https://www.qcaa.qld.edu.au/senior/senior-subjects/syllabuses/the-arts/music
Music,"EA: analytical essay about unseen music, using music elements, concepts and compositional devices.",2025 v1.3,EA,Harmony and tonality,relationships; progression; tension,music,,2026-10-06,https://www.qcaa.qld.edu.au/downloads/senior-qce/syllabuses/snr_music_25_syll.pdf,https://www.qcaa.qld.edu.au/senior/senior-subjects/syllabuses/the-arts/music
Music,"EA: analytical essay about unseen music, using music elements, concepts and compositional devices.",2025 v1.3,EA,Texture and timbre,layers; instrumentation; effects,music,,2026-10-06,https://www.qcaa.qld.edu.au/downloads/senior-qce/syllabuses/snr_music_25_syll.pdf,https://www.qcaa.qld.edu.au/senior/senior-subjects/syllabuses/the-arts/music
Music,"EA: analytical essay about unseen music, using music elements, concepts and compositional devices.",2025 v1.3,EA,Structure and compositional devices,form; repetition; variation,music,,2026-10-06,https://www.qcaa.qld.edu.au/downloads/senior-qce/syllabuses/snr_music_25_syll.pdf,https://www.qcaa.qld.edu.au/senior/senior-subjects/syllabuses/the-arts/music
Music,"EA: analytical essay about unseen music, using music elements, concepts and compositional devices.",2025 v1.3,EA,Evaluating musical meaning,evidence; relationships; viewpoint,music,,2026-10-06,https://www.qcaa.qld.edu.au/downloads/senior-qce/syllabuses/snr_music_25_syll.pdf,https://www.qcaa.qld.edu.au/senior/senior-subjects/syllabuses/the-arts/music
Music Extension (Composition),"EA: analytical essay about unseen music. The EA assesses analysis, written communication and evaluation across all three specialisations.",2026 v1.3,EA,Melody and pitch,contour; range; motifs,music,,2026-10-06,https://www.qcaa.qld.edu.au/downloads/senior-qce/syllabuses/snr_music_ext_26_comp_syll.pdf,https://www.qcaa.qld.edu.au/senior/senior-subjects/syllabuses/the-arts/music-extension-composition
Music Extension (Composition),"EA: analytical essay about unseen music. The EA assesses analysis, written communication and evaluation across all three specialisations.",2026 v1.3,EA,Rhythm and metre,patterns; duration; emphasis,music,,2026-10-06,https://www.qcaa.qld.edu.au/downloads/senior-qce/syllabuses/snr_music_ext_26_comp_syll.pdf,https://www.qcaa.qld.edu.au/senior/senior-subjects/syllabuses/the-arts/music-extension-composition
Music Extension (Composition),"EA: analytical essay about unseen music. The EA assesses analysis, written communication and evaluation across all three specialisations.",2026 v1.3,EA,Harmony and tonality,relationships; progression; tension,music,,2026-10-06,https://www.qcaa.qld.edu.au/downloads/senior-qce/syllabuses/snr_music_ext_26_comp_syll.pdf,https://www.qcaa.qld.edu.au/senior/senior-subjects/syllabuses/the-arts/music-extension-composition
Music Extension (Composition),"EA: analytical essay about unseen music. The EA assesses analysis, written communication and evaluation across all three specialisations.",2026 v1.3,EA,Texture and timbre,layers; instrumentation; effects,music,,2026-10-06,https://www.qcaa.qld.edu.au/downloads/senior-qce/syllabuses/snr_music_ext_26_comp_syll.pdf,https://www.qcaa.qld.edu.au/senior/senior-subjects/syllabuses/the-arts/music-extension-composition
Music Extension (Composition),"EA: analytical essay about unseen music. The EA assesses analysis, written communication and evaluation across all three specialisations.",2026 v1.3,EA,Structure and compositional devices,form; repetition; variation,music,,2026-10-06,https://www.qcaa.qld.edu.au/downloads/senior-qce/syllabuses/snr_music_ext_26_comp_syll.pdf,https://www.qcaa.qld.edu.au/senior/senior-subjects/syllabuses/the-arts/music-extension-composition
Music Extension (Composition),"EA: analytical essay about unseen music. The EA assesses analysis, written communication and evaluation across all three specialisations.",2026 v1.3,EA,Evaluating musical meaning,evidence; relationships; viewpoint,music,,2026-10-06,https://www.qcaa.qld.edu.au/downloads/senior-qce/syllabuses/snr_music_ext_26_comp_syll.pdf,https://www.qcaa.qld.edu.au/senior/senior-subjects/syllabuses/the-arts/music-extension-composition
Music Extension (Musicology),"EA: analytical essay about unseen music. The EA assesses analysis, written communication and evaluation across all three specialisations.",2026 v1.3,EA,Melody and pitch,contour; range; motifs,music,,2026-10-06,https://www.qcaa.qld.edu.au/downloads/senior-qce/syllabuses/snr_music_ext_26_music_syll.pdf,https://www.qcaa.qld.edu.au/senior/senior-subjects/syllabuses/the-arts/music-extension-musicology
Music Extension (Musicology),"EA: analytical essay about unseen music. The EA assesses analysis, written communication and evaluation across all three specialisations.",2026 v1.3,EA,Rhythm and metre,patterns; duration; emphasis,music,,2026-10-06,https://www.qcaa.qld.edu.au/downloads/senior-qce/syllabuses/snr_music_ext_26_music_syll.pdf,https://www.qcaa.qld.edu.au/senior/senior-subjects/syllabuses/the-arts/music-extension-musicology
Music Extension (Musicology),"EA: analytical essay about unseen music. The EA assesses analysis, written communication and evaluation across all three specialisations.",2026 v1.3,EA,Harmony and tonality,relationships; progression; tension,music,,2026-10-06,https://www.qcaa.qld.edu.au/downloads/senior-qce/syllabuses/snr_music_ext_26_music_syll.pdf,https://www.qcaa.qld.edu.au/senior/senior-subjects/syllabuses/the-arts/music-extension-musicology
Music Extension (Musicology),"EA: analytical essay about unseen music. The EA assesses analysis, written communication and evaluation across all three specialisations.",2026 v1.3,EA,Texture and timbre,layers; instrumentation; effects,music,,2026-10-06,https://www.qcaa.qld.edu.au/downloads/senior-qce/syllabuses/snr_music_ext_26_music_syll.pdf,https://www.qcaa.qld.edu.au/senior/senior-subjects/syllabuses/the-arts/music-extension-musicology
Music Extension (Musicology),"EA: analytical essay about unseen music. The EA assesses analysis, written communication and evaluation across all three specialisations.",2026 v1.3,EA,Structure and compositional devices,form; repetition; variation,music,,2026-10-06,https://www.qcaa.qld.edu.au/downloads/senior-qce/syllabuses/snr_music_ext_26_music_syll.pdf,https://www.qcaa.qld.edu.au/senior/senior-subjects/syllabuses/the-arts/music-extension-musicology
Music Extension (Musicology),"EA: analytical essay about unseen music. The EA assesses analysis, written communication and evaluation across all three specialisations.",2026 v1.3,EA,Evaluating musical meaning,evidence; relationships; viewpoint,music,,2026-10-06,https://www.qcaa.qld.edu.au/downloads/senior-qce/syllabuses/snr_music_ext_26_music_syll.pdf,https://www.qcaa.qld.edu.au/senior/senior-subjects/syllabuses/the-arts/music-extension-musicology
Music Extension (Performance),"EA: analytical essay about unseen music. The EA assesses analysis, written communication and evaluation across all three specialisations.",2026 v1.3,EA,Melody and pitch,contour; range; motifs,music,,2026-10-06,https://www.qcaa.qld.edu.au/downloads/senior-qce/syllabuses/snr_music_ext_26_perf_syll.pdf,https://www.qcaa.qld.edu.au/senior/senior-subjects/syllabuses/the-arts/music-extension-performance
Music Extension (Performance),"EA: analytical essay about unseen music. The EA assesses analysis, written communication and evaluation across all three specialisations.",2026 v1.3,EA,Rhythm and metre,patterns; duration; emphasis,music,,2026-10-06,https://www.qcaa.qld.edu.au/downloads/senior-qce/syllabuses/snr_music_ext_26_perf_syll.pdf,https://www.qcaa.qld.edu.au/senior/senior-subjects/syllabuses/the-arts/music-extension-performance
Music Extension (Performance),"EA: analytical essay about unseen music. The EA assesses analysis, written communication and evaluation across all three specialisations.",2026 v1.3,EA,Harmony and tonality,relationships; progression; tension,music,,2026-10-06,https://www.qcaa.qld.edu.au/downloads/senior-qce/syllabuses/snr_music_ext_26_perf_syll.pdf,https://www.qcaa.qld.edu.au/senior/senior-subjects/syllabuses/the-arts/music-extension-performance
Music Extension (Performance),"EA: analytical essay about unseen music. The EA assesses analysis, written communication and evaluation across all three specialisations.",2026 v1.3,EA,Texture and timbre,layers; instrumentation; effects,music,,2026-10-06,https://www.qcaa.qld.edu.au/downloads/senior-qce/syllabuses/snr_music_ext_26_perf_syll.pdf,https://www.qcaa.qld.edu.au/senior/senior-subjects/syllabuses/the-arts/music-extension-performance
Music Extension (Performance),"EA: analytical essay about unseen music. The EA assesses analysis, written communication and evaluation across all three specialisations.",2026 v1.3,EA,Structure and compositional devices,form; repetition; variation,music,,2026-10-06,https://www.qcaa.qld.edu.au/downloads/senior-qce/syllabuses/snr_music_ext_26_perf_syll.pdf,https://www.qcaa.qld.edu.au/senior/senior-subjects/syllabuses/the-arts/music-extension-performance
Music Extension (Performance),"EA: analytical essay about unseen music. The EA assesses analysis, written communication and evaluation across all three specialisations.",2026 v1.3,EA,Evaluating musical meaning,evidence; relationships; viewpoint,music,,2026-10-06,https://www.qcaa.qld.edu.au/downloads/senior-qce/syllabuses/snr_music_ext_26_perf_syll.pdf,https://www.qcaa.qld.edu.au/senior/senior-subjects/syllabuses/the-arts/music-extension-performance
Philosophy & Reason,Unit 4 Topic 2: political philosophy; analytical essay evaluating two studied philosophies.,2025 v1.3,4.2,Anarchism,human nature; authority; ideal society,concept,,2026-10-06,https://www.qcaa.qld.edu.au/downloads/senior-qce/syllabuses/snr_philosophy_reason_25_syll.pdf,https://www.qcaa.qld.edu.au/senior/senior-subjects/syllabuses/humanities-social-sciences/philosophy-reason
Philosophy & Reason,Unit 4 Topic 2: political philosophy; analytical essay evaluating two studied philosophies.,2025 v1.3,4.2,Libertarianism,liberty; property; ideal society,concept,,2026-10-06,https://www.qcaa.qld.edu.au/downloads/senior-qce/syllabuses/snr_philosophy_reason_25_syll.pdf,https://www.qcaa.qld.edu.au/senior/senior-subjects/syllabuses/humanities-social-sciences/philosophy-reason
Philosophy & Reason,Unit 4 Topic 2: political philosophy; analytical essay evaluating two studied philosophies.,2025 v1.3,4.2,Social liberalism,fairness; equality; ideal society,concept,,2026-10-06,https://www.qcaa.qld.edu.au/downloads/senior-qce/syllabuses/snr_philosophy_reason_25_syll.pdf,https://www.qcaa.qld.edu.au/senior/senior-subjects/syllabuses/humanities-social-sciences/philosophy-reason
Philosophy & Reason,Unit 4 Topic 2: political philosophy; analytical essay evaluating two studied philosophies.,2025 v1.3,4.2,Socialism,property; collective needs; ideal society,concept,,2026-10-06,https://www.qcaa.qld.edu.au/downloads/senior-qce/syllabuses/snr_philosophy_reason_25_syll.pdf,https://www.qcaa.qld.edu.au/senior/senior-subjects/syllabuses/humanities-social-sciences/philosophy-reason
Philosophy & Reason,Unit 4 Topic 2: political philosophy; analytical essay evaluating two studied philosophies.,2025 v1.3,4.2,Positive and negative freedom,meaning; assumptions; political implications,compare,,2026-10-06,https://www.qcaa.qld.edu.au/downloads/senior-qce/syllabuses/snr_philosophy_reason_25_syll.pdf,https://www.qcaa.qld.edu.au/senior/senior-subjects/syllabuses/humanities-social-sciences/philosophy-reason
Philosophy & Reason,Unit 4 Topic 2: political philosophy; analytical essay evaluating two studied philosophies.,2025 v1.3,4.2,"Equality, equity and distributive justice",definitions; tensions; applications,concept,,2026-10-06,https://www.qcaa.qld.edu.au/downloads/senior-qce/syllabuses/snr_philosophy_reason_25_syll.pdf,https://www.qcaa.qld.edu.au/senior/senior-subjects/syllabuses/humanities-social-sciences/philosophy-reason
Philosophy & Reason,Unit 4 Topic 2: political philosophy; analytical essay evaluating two studied philosophies.,2025 v1.3,4.2,Political arguments and assumptions,premises; conclusions; hidden assumptions,concept,,2026-10-06,https://www.qcaa.qld.edu.au/downloads/senior-qce/syllabuses/snr_philosophy_reason_25_syll.pdf,https://www.qcaa.qld.edu.au/senior/senior-subjects/syllabuses/humanities-social-sciences/philosophy-reason
Philosophy & Reason,Unit 4 Topic 2: political philosophy; analytical essay evaluating two studied philosophies.,2025 v1.3,4.2,Evaluating political arguments,validity; soundness; strength,concept,,2026-10-06,https://www.qcaa.qld.edu.au/downloads/senior-qce/syllabuses/snr_philosophy_reason_25_syll.pdf,https://www.qcaa.qld.edu.au/senior/senior-subjects/syllabuses/humanities-social-sciences/philosophy-reason
Philosophy & Reason,Unit 4 Topic 2: political philosophy; analytical essay evaluating two studied philosophies.,2025 v1.3,4.2,Individual needs and collective needs,freedom; obligation; government limits,concept,,2026-10-06,https://www.qcaa.qld.edu.au/downloads/senior-qce/syllabuses/snr_philosophy_reason_25_syll.pdf,https://www.qcaa.qld.edu.au/senior/senior-subjects/syllabuses/humanities-social-sciences/philosophy-reason
Physical Education,"Unit 4: energy, fitness and training in physical activity.",2025 v1.3,4,ATP resynthesis and energy-system interplay,intensity; duration; fuel,concept,,2026-10-06,https://www.qcaa.qld.edu.au/downloads/senior-qce/syllabuses/snr_pe_25_syll.pdf,https://www.qcaa.qld.edu.au/senior/senior-subjects/syllabuses/health-physical-education/physical-education
Physical Education,"Unit 4: energy, fitness and training in physical activity.",2025 v1.3,4,"ATP–PC, lactic acid and aerobic systems",contribution; capacity; recovery,compare,,2026-10-06,https://www.qcaa.qld.edu.au/downloads/senior-qce/syllabuses/snr_pe_25_syll.pdf,https://www.qcaa.qld.edu.au/senior/senior-subjects/syllabuses/health-physical-education/physical-education
Physical Education,"Unit 4: energy, fitness and training in physical activity.",2025 v1.3,4,Fitness components and activity demands,components; testing; performance,concept,,2026-10-06,https://www.qcaa.qld.edu.au/downloads/senior-qce/syllabuses/snr_pe_25_syll.pdf,https://www.qcaa.qld.edu.au/senior/senior-subjects/syllabuses/health-physical-education/physical-education
Physical Education,"Unit 4: energy, fitness and training in physical activity.",2025 v1.3,4,Physiological adaptations to training,VO2 max; stroke volume; muscle fibres,concept,,2026-10-06,https://www.qcaa.qld.edu.au/downloads/senior-qce/syllabuses/snr_pe_25_syll.pdf,https://www.qcaa.qld.edu.au/senior/senior-subjects/syllabuses/health-physical-education/physical-education
Physical Education,"Unit 4: energy, fitness and training in physical activity.",2025 v1.3,4,Training principles,overload; specificity; individuality,concept,,2026-10-06,https://www.qcaa.qld.edu.au/downloads/senior-qce/syllabuses/snr_pe_25_syll.pdf,https://www.qcaa.qld.edu.au/senior/senior-subjects/syllabuses/health-physical-education/physical-education
Physical Education,"Unit 4: energy, fitness and training in physical activity.",2025 v1.3,4,Training methods,interval; resistance; continuous,concept,,2026-10-06,https://www.qcaa.qld.edu.au/downloads/senior-qce/syllabuses/snr_pe_25_syll.pdf,https://www.qcaa.qld.edu.au/senior/senior-subjects/syllabuses/health-physical-education/physical-education
Physical Education,"Unit 4: energy, fitness and training in physical activity.",2025 v1.3,4,Periodisation and training phases,mesocycles; microcycles; peaking,concept,,2026-10-06,https://www.qcaa.qld.edu.au/downloads/senior-qce/syllabuses/snr_pe_25_syll.pdf,https://www.qcaa.qld.edu.au/senior/senior-subjects/syllabuses/health-physical-education/physical-education
Physical Education,"Unit 4: energy, fitness and training in physical activity.",2025 v1.3,4,Training-program evaluation,data; requirements; refinements,concept,,2026-10-06,https://www.qcaa.qld.edu.au/downloads/senior-qce/syllabuses/snr_pe_25_syll.pdf,https://www.qcaa.qld.edu.au/senior/senior-subjects/syllabuses/health-physical-education/physical-education
Physics,"Units 3 and 4: gravity and electromagnetism; relativity, quantum theory and the Standard Model.",2025 v1.3,3,Projectile motion,components; equations; assumptions,math,,2026-10-06,https://www.qcaa.qld.edu.au/downloads/senior-qce/syllabuses/snr_physics_25_syll.pdf,https://www.qcaa.qld.edu.au/senior/senior-subjects/syllabuses/sciences/physics
Physics,"Units 3 and 4: gravity and electromagnetism; relativity, quantum theory and the Standard Model.",2025 v1.3,3,Circular motion and gravitation,forces; acceleration; orbits,math,,2026-10-06,https://www.qcaa.qld.edu.au/downloads/senior-qce/syllabuses/snr_physics_25_syll.pdf,https://www.qcaa.qld.edu.au/senior/senior-subjects/syllabuses/sciences/physics
Physics,"Units 3 and 4: gravity and electromagnetism; relativity, quantum theory and the Standard Model.",2025 v1.3,3,Electric fields and Coulomb's law,force; field strength; potential,concept,,2026-10-06,https://www.qcaa.qld.edu.au/downloads/senior-qce/syllabuses/snr_physics_25_syll.pdf,https://www.qcaa.qld.edu.au/senior/senior-subjects/syllabuses/sciences/physics
Physics,"Units 3 and 4: gravity and electromagnetism; relativity, quantum theory and the Standard Model.",2025 v1.3,3,Magnetic fields and forces,direction; current; charged particles,concept,,2026-10-06,https://www.qcaa.qld.edu.au/downloads/senior-qce/syllabuses/snr_physics_25_syll.pdf,https://www.qcaa.qld.edu.au/senior/senior-subjects/syllabuses/sciences/physics
Physics,"Units 3 and 4: gravity and electromagnetism; relativity, quantum theory and the Standard Model.",2025 v1.3,3,Electromagnetic induction,flux; Faraday; Lenz,concept,,2026-10-06,https://www.qcaa.qld.edu.au/downloads/senior-qce/syllabuses/snr_physics_25_syll.pdf,https://www.qcaa.qld.edu.au/senior/senior-subjects/syllabuses/sciences/physics
Physics,"Units 3 and 4: gravity and electromagnetism; relativity, quantum theory and the Standard Model.",2025 v1.3,3,Transformers and electromagnetic waves,induction; energy; oscillations,concept,,2026-10-06,https://www.qcaa.qld.edu.au/downloads/senior-qce/syllabuses/snr_physics_25_syll.pdf,https://www.qcaa.qld.edu.au/senior/senior-subjects/syllabuses/sciences/physics
Physics,"Units 3 and 4: gravity and electromagnetism; relativity, quantum theory and the Standard Model.",2025 v1.3,4,Reference frames and simultaneity,observers; relative motion; light,concept,,2026-10-06,https://www.qcaa.qld.edu.au/downloads/senior-qce/syllabuses/snr_physics_25_syll.pdf,https://www.qcaa.qld.edu.au/senior/senior-subjects/syllabuses/sciences/physics
Physics,"Units 3 and 4: gravity and electromagnetism; relativity, quantum theory and the Standard Model.",2025 v1.3,4,Time dilation and length contraction,proper quantities; equations; interpretation,math,,2026-10-06,https://www.qcaa.qld.edu.au/downloads/senior-qce/syllabuses/snr_physics_25_syll.pdf,https://www.qcaa.qld.edu.au/senior/senior-subjects/syllabuses/sciences/physics
Physics,"Units 3 and 4: gravity and electromagnetism; relativity, quantum theory and the Standard Model.",2025 v1.3,4,Relativistic momentum and energy,equations; limits; implications,math,,2026-10-06,https://www.qcaa.qld.edu.au/downloads/senior-qce/syllabuses/snr_physics_25_syll.pdf,https://www.qcaa.qld.edu.au/senior/senior-subjects/syllabuses/sciences/physics
Physics,"Units 3 and 4: gravity and electromagnetism; relativity, quantum theory and the Standard Model.",2025 v1.3,4,Photoelectric effect,photons; threshold; work function,concept,,2026-10-06,https://www.qcaa.qld.edu.au/downloads/senior-qce/syllabuses/snr_physics_25_syll.pdf,https://www.qcaa.qld.edu.au/senior/senior-subjects/syllabuses/sciences/physics
Physics,"Units 3 and 4: gravity and electromagnetism; relativity, quantum theory and the Standard Model.",2025 v1.3,4,Wave–particle duality,evidence; models; limitations,concept,,2026-10-06,https://www.qcaa.qld.edu.au/downloads/senior-qce/syllabuses/snr_physics_25_syll.pdf,https://www.qcaa.qld.edu.au/senior/senior-subjects/syllabuses/sciences/physics
Physics,"Units 3 and 4: gravity and electromagnetism; relativity, quantum theory and the Standard Model.",2025 v1.3,4,Rutherford and Bohr atomic models,evidence; energy levels; spectra,compare,,2026-10-06,https://www.qcaa.qld.edu.au/downloads/senior-qce/syllabuses/snr_physics_25_syll.pdf,https://www.qcaa.qld.edu.au/senior/senior-subjects/syllabuses/sciences/physics
Physics,"Units 3 and 4: gravity and electromagnetism; relativity, quantum theory and the Standard Model.",2025 v1.3,4,Standard Model particles,classification; interactions; conservation,concept,,2026-10-06,https://www.qcaa.qld.edu.au/downloads/senior-qce/syllabuses/snr_physics_25_syll.pdf,https://www.qcaa.qld.edu.au/senior/senior-subjects/syllabuses/sciences/physics
Psychology,Units 3 and 4: individual thinking and the influence of others.,2025 v1.3,3,Nervous system and brain function,structures; functions; research,concept,,2026-10-06,https://www.qcaa.qld.edu.au/downloads/senior-qce/syllabuses/snr_psychology_25_syll.pdf,https://www.qcaa.qld.edu.au/senior/senior-subjects/syllabuses/sciences/psychology
Psychology,Units 3 and 4: individual thinking and the influence of others.,2025 v1.3,3,Sensation and perception,vision; hearing; processing,concept,,2026-10-06,https://www.qcaa.qld.edu.au/downloads/senior-qce/syllabuses/snr_psychology_25_syll.pdf,https://www.qcaa.qld.edu.au/senior/senior-subjects/syllabuses/sciences/psychology
Psychology,Units 3 and 4: individual thinking and the influence of others.,2025 v1.3,3,Models of memory,processes; stores; limitations,concept,,2026-10-06,https://www.qcaa.qld.edu.au/downloads/senior-qce/syllabuses/snr_psychology_25_syll.pdf,https://www.qcaa.qld.edu.au/senior/senior-subjects/syllabuses/sciences/psychology
Psychology,Units 3 and 4: individual thinking and the influence of others.,2025 v1.3,3,Long-term memory and forgetting,types; retrieval; explanations,concept,,2026-10-06,https://www.qcaa.qld.edu.au/downloads/senior-qce/syllabuses/snr_psychology_25_syll.pdf,https://www.qcaa.qld.edu.au/senior/senior-subjects/syllabuses/sciences/psychology
Psychology,Units 3 and 4: individual thinking and the influence of others.,2025 v1.3,3,Classical and operant conditioning,processes; differences; applications,compare,,2026-10-06,https://www.qcaa.qld.edu.au/downloads/senior-qce/syllabuses/snr_psychology_25_syll.pdf,https://www.qcaa.qld.edu.au/senior/senior-subjects/syllabuses/sciences/psychology
Psychology,Units 3 and 4: individual thinking and the influence of others.,2025 v1.3,3,Social learning,observation; modelling; evidence,concept,,2026-10-06,https://www.qcaa.qld.edu.au/downloads/senior-qce/syllabuses/snr_psychology_25_syll.pdf,https://www.qcaa.qld.edu.au/senior/senior-subjects/syllabuses/sciences/psychology
Psychology,Units 3 and 4: individual thinking and the influence of others.,2025 v1.3,4,Social influence and conformity,groups; factors; research,concept,,2026-10-06,https://www.qcaa.qld.edu.au/downloads/senior-qce/syllabuses/snr_psychology_25_syll.pdf,https://www.qcaa.qld.edu.au/senior/senior-subjects/syllabuses/sciences/psychology
Psychology,Units 3 and 4: individual thinking and the influence of others.,2025 v1.3,4,Bystander behaviour and prosocial behaviour,factors; evidence; explanations,concept,,2026-10-06,https://www.qcaa.qld.edu.au/downloads/senior-qce/syllabuses/snr_psychology_25_syll.pdf,https://www.qcaa.qld.edu.au/senior/senior-subjects/syllabuses/sciences/psychology
Psychology,Units 3 and 4: individual thinking and the influence of others.,2025 v1.3,4,Aggression and attraction,explanations; factors; research,concept,,2026-10-06,https://www.qcaa.qld.edu.au/downloads/senior-qce/syllabuses/snr_psychology_25_syll.pdf,https://www.qcaa.qld.edu.au/senior/senior-subjects/syllabuses/sciences/psychology
Psychology,Units 3 and 4: individual thinking and the influence of others.,2025 v1.3,4,Attitudes and cognitive dissonance,components; conflict; change,concept,,2026-10-06,https://www.qcaa.qld.edu.au/downloads/senior-qce/syllabuses/snr_psychology_25_syll.pdf,https://www.qcaa.qld.edu.au/senior/senior-subjects/syllabuses/sciences/psychology
Psychology,Units 3 and 4: individual thinking and the influence of others.,2025 v1.3,4,"Social identity, attribution and biases",processes; explanations; effects,concept,,2026-10-06,https://www.qcaa.qld.edu.au/downloads/senior-qce/syllabuses/snr_psychology_25_syll.pdf,https://www.qcaa.qld.edu.au/senior/senior-subjects/syllabuses/sciences/psychology
Psychology,Units 3 and 4: individual thinking and the influence of others.,2025 v1.3,4,Prejudice and stereotypes,formation; effects; reduction,concept,,2026-10-06,https://www.qcaa.qld.edu.au/downloads/senior-qce/syllabuses/snr_psychology_25_syll.pdf,https://www.qcaa.qld.edu.au/senior/senior-subjects/syllabuses/sciences/psychology
Psychology,Units 3 and 4: individual thinking and the influence of others.,2025 v1.3,4,Culture and acculturation,identity; challenges; intergroup contact,concept,,2026-10-06,https://www.qcaa.qld.edu.au/downloads/senior-qce/syllabuses/snr_psychology_25_syll.pdf,https://www.qcaa.qld.edu.au/senior/senior-subjects/syllabuses/sciences/psychology
Spanish,Unit 4: present experiences and future choices; comprehension and responses to written and audio/audiovisual texts.,2025 v1.3,4,School-leaving celebrations,experiences; culture; perspectives,language,,2026-10-06,https://www.qcaa.qld.edu.au/downloads/senior-qce/syllabuses/snr_spanish_25_syll.pdf,https://www.qcaa.qld.edu.au/senior/senior-subjects/syllabuses/languages/spanish
Spanish,Unit 4: present experiences and future choices; comprehension and responses to written and audio/audiovisual texts.,2025 v1.3,4,Reflecting on school life,experiences; relationships; opinions,language,,2026-10-06,https://www.qcaa.qld.edu.au/downloads/senior-qce/syllabuses/snr_spanish_25_syll.pdf,https://www.qcaa.qld.edu.au/senior/senior-subjects/syllabuses/languages/spanish
Spanish,Unit 4: present experiences and future choices; comprehension and responses to written and audio/audiovisual texts.,2025 v1.3,4,Post-school plans and aspirations,choices; reasons; possibilities,language,,2026-10-06,https://www.qcaa.qld.edu.au/downloads/senior-qce/syllabuses/snr_spanish_25_syll.pdf,https://www.qcaa.qld.edu.au/senior/senior-subjects/syllabuses/languages/spanish
Spanish,Unit 4: present experiences and future choices; comprehension and responses to written and audio/audiovisual texts.,2025 v1.3,4,Employment and further study,opportunities; benefits; challenges,language,,2026-10-06,https://www.qcaa.qld.edu.au/downloads/senior-qce/syllabuses/snr_spanish_25_syll.pdf,https://www.qcaa.qld.edu.au/senior/senior-subjects/syllabuses/languages/spanish
Spanish,Unit 4: present experiences and future choices; comprehension and responses to written and audio/audiovisual texts.,2025 v1.3,4,Benefits of a second language,employment; communication; culture,language,,2026-10-06,https://www.qcaa.qld.edu.au/downloads/senior-qce/syllabuses/snr_spanish_25_syll.pdf,https://www.qcaa.qld.edu.au/senior/senior-subjects/syllabuses/languages/spanish
Spanish,Unit 4: present experiences and future choices; comprehension and responses to written and audio/audiovisual texts.,2025 v1.3,4,"Tone, purpose and audience in future-choice texts",evidence; inference; meaning,language,,2026-10-06,https://www.qcaa.qld.edu.au/downloads/senior-qce/syllabuses/snr_spanish_25_syll.pdf,https://www.qcaa.qld.edu.au/senior/senior-subjects/syllabuses/languages/spanish
Specialist Mathematics,"Units 3 and 4, with assumed knowledge from Units 1 and 2 and Mathematical Methods.",2025 v1.4,3,Complex numbers and De Moivre's theorem,polar form; powers; identities,math,,2026-10-06,https://www.qcaa.qld.edu.au/downloads/senior-qce/syllabuses/snr_maths_specialist_25_syll.pdf,https://www.qcaa.qld.edu.au/senior/senior-subjects/syllabuses/mathematics/specialist-mathematics
Specialist Mathematics,"Units 3 and 4, with assumed knowledge from Units 1 and 2 and Mathematical Methods.",2025 v1.4,3,Complex roots and polynomial factorisation,roots; conjugates; factors,math,,2026-10-06,https://www.qcaa.qld.edu.au/downloads/senior-qce/syllabuses/snr_maths_specialist_25_syll.pdf,https://www.qcaa.qld.edu.au/senior/senior-subjects/syllabuses/mathematics/specialist-mathematics
Specialist Mathematics,"Units 3 and 4, with assumed knowledge from Units 1 and 2 and Mathematical Methods.",2025 v1.4,3,Mathematical induction,base case; assumption; inductive step,math,,2026-10-06,https://www.qcaa.qld.edu.au/downloads/senior-qce/syllabuses/snr_maths_specialist_25_syll.pdf,https://www.qcaa.qld.edu.au/senior/senior-subjects/syllabuses/mathematics/specialist-mathematics
Specialist Mathematics,"Units 3 and 4, with assumed knowledge from Units 1 and 2 and Mathematical Methods.",2025 v1.4,3,Vectors and projections in three dimensions,dot product; projections; geometry,math,,2026-10-06,https://www.qcaa.qld.edu.au/downloads/senior-qce/syllabuses/snr_maths_specialist_25_syll.pdf,https://www.qcaa.qld.edu.au/senior/senior-subjects/syllabuses/mathematics/specialist-mathematics
Specialist Mathematics,"Units 3 and 4, with assumed knowledge from Units 1 and 2 and Mathematical Methods.",2025 v1.4,3,Vector and Cartesian equations,lines; planes; intersections,math,,2026-10-06,https://www.qcaa.qld.edu.au/downloads/senior-qce/syllabuses/snr_maths_specialist_25_syll.pdf,https://www.qcaa.qld.edu.au/senior/senior-subjects/syllabuses/mathematics/specialist-mathematics
Specialist Mathematics,"Units 3 and 4, with assumed knowledge from Units 1 and 2 and Mathematical Methods.",2025 v1.4,3,Vector calculus,position; velocity; acceleration,math,,2026-10-06,https://www.qcaa.qld.edu.au/downloads/senior-qce/syllabuses/snr_maths_specialist_25_syll.pdf,https://www.qcaa.qld.edu.au/senior/senior-subjects/syllabuses/mathematics/specialist-mathematics
Specialist Mathematics,"Units 3 and 4, with assumed knowledge from Units 1 and 2 and Mathematical Methods.",2025 v1.4,3,Matrices and systems of equations,inverse; elimination; models,math,,2026-10-06,https://www.qcaa.qld.edu.au/downloads/senior-qce/syllabuses/snr_maths_specialist_25_syll.pdf,https://www.qcaa.qld.edu.au/senior/senior-subjects/syllabuses/mathematics/specialist-mathematics
Specialist Mathematics,"Units 3 and 4, with assumed knowledge from Units 1 and 2 and Mathematical Methods.",2025 v1.4,4,Integration techniques,substitution; partial fractions; trigonometry,math,,2026-10-06,https://www.qcaa.qld.edu.au/downloads/senior-qce/syllabuses/snr_maths_specialist_25_syll.pdf,https://www.qcaa.qld.edu.au/senior/senior-subjects/syllabuses/mathematics/specialist-mathematics
Specialist Mathematics,"Units 3 and 4, with assumed knowledge from Units 1 and 2 and Mathematical Methods.",2025 v1.4,4,Integral applications and volumes,area; revolution; approximation,math,,2026-10-06,https://www.qcaa.qld.edu.au/downloads/senior-qce/syllabuses/snr_maths_specialist_25_syll.pdf,https://www.qcaa.qld.edu.au/senior/senior-subjects/syllabuses/mathematics/specialist-mathematics
Specialist Mathematics,"Units 3 and 4, with assumed knowledge from Units 1 and 2 and Mathematical Methods.",2025 v1.4,4,Differential equations and rates of change,solution; initial condition; model,math,,2026-10-06,https://www.qcaa.qld.edu.au/downloads/senior-qce/syllabuses/snr_maths_specialist_25_syll.pdf,https://www.qcaa.qld.edu.au/senior/senior-subjects/syllabuses/mathematics/specialist-mathematics
Specialist Mathematics,"Units 3 and 4, with assumed knowledge from Units 1 and 2 and Mathematical Methods.",2025 v1.4,4,Modelling motion,forces; momentum; equations,math,,2026-10-06,https://www.qcaa.qld.edu.au/downloads/senior-qce/syllabuses/snr_maths_specialist_25_syll.pdf,https://www.qcaa.qld.edu.au/senior/senior-subjects/syllabuses/mathematics/specialist-mathematics
Specialist Mathematics,"Units 3 and 4, with assumed knowledge from Units 1 and 2 and Mathematical Methods.",2025 v1.4,4,Sample means and confidence intervals,distribution; standard error; interpretation,math,,2026-10-06,https://www.qcaa.qld.edu.au/downloads/senior-qce/syllabuses/snr_maths_specialist_25_syll.pdf,https://www.qcaa.qld.edu.au/senior/senior-subjects/syllabuses/mathematics/specialist-mathematics
Study of Religion,Unit 4 Topic 2: human existence and rights.,2025 v1.4,4.2,Ultimate questions and religious responses,purpose of life; human nature; destiny,concept,,2026-10-06,https://www.qcaa.qld.edu.au/downloads/senior-qce/syllabuses/snr_study_religion_25_syll.pdf,https://www.qcaa.qld.edu.au/senior/senior-subjects/syllabuses/humanities-social-sciences/study-of-religion
Study of Religion,Unit 4 Topic 2: human existence and rights.,2025 v1.4,4.2,Jewish beliefs about humanity and rights,sacred texts; beliefs; expression,concept,,2026-10-06,https://www.qcaa.qld.edu.au/downloads/senior-qce/syllabuses/snr_study_religion_25_syll.pdf,https://www.qcaa.qld.edu.au/senior/senior-subjects/syllabuses/humanities-social-sciences/study-of-religion
Study of Religion,Unit 4 Topic 2: human existence and rights.,2025 v1.4,4.2,Christian beliefs about humanity and rights,sacred texts; beliefs; expression,concept,,2026-10-06,https://www.qcaa.qld.edu.au/downloads/senior-qce/syllabuses/snr_study_religion_25_syll.pdf,https://www.qcaa.qld.edu.au/senior/senior-subjects/syllabuses/humanities-social-sciences/study-of-religion
Study of Religion,Unit 4 Topic 2: human existence and rights.,2025 v1.4,4.2,Islamic beliefs about humanity and rights,sacred texts; beliefs; expression,concept,,2026-10-06,https://www.qcaa.qld.edu.au/downloads/senior-qce/syllabuses/snr_study_religion_25_syll.pdf,https://www.qcaa.qld.edu.au/senior/senior-subjects/syllabuses/humanities-social-sciences/study-of-religion
Study of Religion,Unit 4 Topic 2: human existence and rights.,2025 v1.4,4.2,Hindu beliefs about humanity and rights,sacred texts; beliefs; expression,concept,,2026-10-06,https://www.qcaa.qld.edu.au/downloads/senior-qce/syllabuses/snr_study_religion_25_syll.pdf,https://www.qcaa.qld.edu.au/senior/senior-subjects/syllabuses/humanities-social-sciences/study-of-religion
Study of Religion,Unit 4 Topic 2: human existence and rights.,2025 v1.4,4.2,Buddhist beliefs about humanity and rights,sacred texts; beliefs; expression,concept,,2026-10-06,https://www.qcaa.qld.edu.au/downloads/senior-qce/syllabuses/snr_study_religion_25_syll.pdf,https://www.qcaa.qld.edu.au/senior/senior-subjects/syllabuses/humanities-social-sciences/study-of-religion
Study of Religion,Unit 4 Topic 2: human existence and rights.,2025 v1.4,4.2,Linear and cyclical world views,traditions; human existence; ultimate questions,compare,,2026-10-06,https://www.qcaa.qld.edu.au/downloads/senior-qce/syllabuses/snr_study_religion_25_syll.pdf,https://www.qcaa.qld.edu.au/senior/senior-subjects/syllabuses/humanities-social-sciences/study-of-religion
Study of Religion,Unit 4 Topic 2: human existence and rights.,2025 v1.4,4.2,Religious organisations and social justice,beliefs; actions; significance,concept,,2026-10-06,https://www.qcaa.qld.edu.au/downloads/senior-qce/syllabuses/snr_study_religion_25_syll.pdf,https://www.qcaa.qld.edu.au/senior/senior-subjects/syllabuses/humanities-social-sciences/study-of-religion
Study of Religion,Unit 4 Topic 2: human existence and rights.,2025 v1.4,4.2,Religious perspectives and human rights,teachings; perspectives; influence,concept,,2026-10-06,https://www.qcaa.qld.edu.au/downloads/senior-qce/syllabuses/snr_study_religion_25_syll.pdf,https://www.qcaa.qld.edu.au/senior/senior-subjects/syllabuses/humanities-social-sciences/study-of-religion
Study of Religion,Unit 4 Topic 2: human existence and rights.,2025 v1.4,4.2,Evaluating religious influence,evidence; individuals and communities; judgment,concept,,2026-10-06,https://www.qcaa.qld.edu.au/downloads/senior-qce/syllabuses/snr_study_religion_25_syll.pdf,https://www.qcaa.qld.edu.au/senior/senior-subjects/syllabuses/humanities-social-sciences/study-of-religion
Visual Art,EA: analytical essay about unseen artworks and practices through specified contexts.,2025 v1.3,EA,Visual language and composition,elements; principles; relationships,art,,2026-10-06,https://www.qcaa.qld.edu.au/downloads/senior-qce/syllabuses/snr_visual_art_25_syll.pdf,https://www.qcaa.qld.edu.au/senior/senior-subjects/syllabuses/the-arts/visual-art
Visual Art,EA: analytical essay about unseen artworks and practices through specified contexts.,2025 v1.3,EA,Artistic processes and materials,techniques; choices; effects,art,,2026-10-06,https://www.qcaa.qld.edu.au/downloads/senior-qce/syllabuses/snr_visual_art_25_syll.pdf,https://www.qcaa.qld.edu.au/senior/senior-subjects/syllabuses/the-arts/visual-art
Visual Art,EA: analytical essay about unseen artworks and practices through specified contexts.,2025 v1.3,EA,Artist intentions and expression,ideas; evidence; meaning,art,,2026-10-06,https://www.qcaa.qld.edu.au/downloads/senior-qce/syllabuses/snr_visual_art_25_syll.pdf,https://www.qcaa.qld.edu.au/senior/senior-subjects/syllabuses/the-arts/visual-art
Visual Art,EA: analytical essay about unseen artworks and practices through specified contexts.,2025 v1.3,EA,Artwork interpretation through contexts,context; visual evidence; reading,art,,2026-10-06,https://www.qcaa.qld.edu.au/downloads/senior-qce/syllabuses/snr_visual_art_25_syll.pdf,https://www.qcaa.qld.edu.au/senior/senior-subjects/syllabuses/the-arts/visual-art
Visual Art,EA: analytical essay about unseen artworks and practices through specified contexts.,2025 v1.3,EA,Comparing artworks and practices,similarities; differences; significance,art,,2026-10-06,https://www.qcaa.qld.edu.au/downloads/senior-qce/syllabuses/snr_visual_art_25_syll.pdf,https://www.qcaa.qld.edu.au/senior/senior-subjects/syllabuses/the-arts/visual-art
Visual Art,EA: analytical essay about unseen artworks and practices through specified contexts.,2025 v1.3,EA,Justifying an art interpretation,viewpoint; visual evidence; reasoning,art,,2026-10-06,https://www.qcaa.qld.edu.au/downloads/senior-qce/syllabuses/snr_visual_art_25_syll.pdf,https://www.qcaa.qld.edu.au/senior/senior-subjects/syllabuses/the-arts/visual-art
